Tháng/kỳ,Họ model,SL AMIS sau trả hàng,SL meInvoice từ dòng phân bổ được (chưa khẳng định đầy đủ),Số khoản meInvoice thiếu lượng,Doanh thu AMIS sau giảm trừ,Doanh thu meInvoice theo file,Chênh lệch AMIS-meInvoice,Thuế AMIS,Thuế meInvoice,Chênh lệch thuế,Thanh toán AMIS,Thanh toán meInvoice,Chênh lệch thanh toán,Giới hạn
2024-01,CHƯA PHÂN BỔ SẢN PHẨM,0,,48,0,13957026,-13957026,0,1116560,-1116560,0,15073586,-15073586,Chưa đủ căn cứ so sánh sản phẩm/kỳ; Có khoản chưa xác định lượng
2024-01,CHƯA XÁC ĐỊNH MODEL,101,18,0,45168151,36158468,9009683,3613457,2892679,720778,48781608,39051147,9730461,Chưa đủ căn cứ so sánh sản phẩm/kỳ
2024-01,Lõi lọc KA150,33,1,0,11354540,443975,10910565,908365,35518,872847,12262905,479493,11783412,"Kỳ AMIS theo ngày chứng từ; kỳ meInvoice theo ngày HĐ gốc, chưa phải cùng ngày bán"
2024-01,Lõi lọc KA350,450,21,0,199340393,8615769,190724624,15947239,689267,15257972,215287632,9305036,205982596,"Kỳ AMIS theo ngày chứng từ; kỳ meInvoice theo ngày HĐ gốc, chưa phải cùng ngày bán"
2024-01,Lõi lọc KA600,242,5,0,129003586,2482406,126521180,10320315,198593,10121722,139323901,2680999,136642902,"Kỳ AMIS theo ngày chứng từ; kỳ meInvoice theo ngày HĐ gốc, chưa phải cùng ngày bán"
2024-01,Máy/thiết bị KA100,11,0,0,10759423,0,10759423,860755,0,860755,11620178,0,11620178,"Kỳ AMIS theo ngày chứng từ; kỳ meInvoice theo ngày HĐ gốc, chưa phải cùng ngày bán"
2024-01,Máy/thiết bị KA150,519,77,0,501991021,80236014,421755007,40159247,6418879,33740368,542150268,86654893,455495375,"Kỳ AMIS theo ngày chứng từ; kỳ meInvoice theo ngày HĐ gốc, chưa phải cùng ngày bán"
2024-01,Máy/thiết bị KA350,1301,330,0,2090454168,543020713,1547433455,167236425,43441647,123794778,2257690593,586462360,1671228233,"Kỳ AMIS theo ngày chứng từ; kỳ meInvoice theo ngày HĐ gốc, chưa phải cùng ngày bán"
2024-01,Máy/thiết bị KA600,318,68,0,686690552,169117019,517573533,54935231,13529366,41405865,741625783,182646385,558979398,"Kỳ AMIS theo ngày chứng từ; kỳ meInvoice theo ngày HĐ gốc, chưa phải cùng ngày bán"
2024-02,CHƯA PHÂN BỔ SẢN PHẨM,0,,69,0,105540535,-105540535,0,8443242,-8443242,0,113983777,-113983777,Chưa đủ căn cứ so sánh sản phẩm/kỳ; Có khoản chưa xác định lượng
2024-02,CHƯA XÁC ĐỊNH MODEL,54,31,0,18596393,52738831,-34142438,1487712,4219107,-2731395,20084105,56957938,-36873833,Chưa đủ căn cứ so sánh sản phẩm/kỳ
2024-02,Lõi lọc KA100,0,2,0,0,333333,-333333,0,26667,-26667,0,360000,-360000,"Kỳ AMIS theo ngày chứng từ; kỳ meInvoice theo ngày HĐ gốc, chưa phải cùng ngày bán"
2024-02,Lõi lọc KA150,54,2,0,19642365,928544,18713821,1571391,74283,1497108,21213756,1002827,20210929,"Kỳ AMIS theo ngày chứng từ; kỳ meInvoice theo ngày HĐ gốc, chưa phải cùng ngày bán"
2024-02,Lõi lọc KA350,69,21,0,37330105,12845711,24484394,2986406,1027659,1958747,40316511,13873370,26443141,"Kỳ AMIS theo ngày chứng từ; kỳ meInvoice theo ngày HĐ gốc, chưa phải cùng ngày bán"
2024-02,Lõi lọc KA600,28,12,0,16482449,10669861,5812588,1318598,853592,465006,17801047,11523453,6277594,"Kỳ AMIS theo ngày chứng từ; kỳ meInvoice theo ngày HĐ gốc, chưa phải cùng ngày bán"
2024-02,Máy/thiết bị KA100,7,9,0,6776039,9891186,-3115147,542083,791295,-249212,7318122,10682481,-3364359,"Kỳ AMIS theo ngày chứng từ; kỳ meInvoice theo ngày HĐ gốc, chưa phải cùng ngày bán"
2024-02,Máy/thiết bị KA150,384,210,0,424717915,217796249,206921666,33977367,17423692,16553675,458695282,235219941,223475341,"Kỳ AMIS theo ngày chứng từ; kỳ meInvoice theo ngày HĐ gốc, chưa phải cùng ngày bán"
2024-02,Máy/thiết bị KA350,523,608,0,1028679617,1019477150,9202467,82294389,81558173,736216,1110974006,1101035323,9938683,"Kỳ AMIS theo ngày chứng từ; kỳ meInvoice theo ngày HĐ gốc, chưa phải cùng ngày bán"
2024-02,Máy/thiết bị KA600,92,139,0,244457621,343694441,-99236820,19556614,27495557,-7938943,264014235,371189998,-107175763,"Kỳ AMIS theo ngày chứng từ; kỳ meInvoice theo ngày HĐ gốc, chưa phải cùng ngày bán"
2024-03,CHƯA PHÂN BỔ SẢN PHẨM,0,,70,0,110302172,-110302172,0,8824173,-8824173,0,119125345,-119125345,Chưa đủ căn cứ so sánh sản phẩm/kỳ; Có khoản chưa xác định lượng
2024-03,CHƯA XÁC ĐỊNH MODEL,231,,1,137364889,74997311,62367578,10989158,5999784,4989374,148354047,80997095,67356952,Chưa đủ căn cứ so sánh sản phẩm/kỳ; Có khoản chưa xác định lượng
2024-03,Lõi lọc KA150,5,0,0,1906597,0,1906597,152527,0,152527,2059124,0,2059124,"Kỳ AMIS theo ngày chứng từ; kỳ meInvoice theo ngày HĐ gốc, chưa phải cùng ngày bán"
2024-03,Lõi lọc KA350,326,43,0,158424728,24735333,133689395,12673981,1978832,10695149,171098709,26714165,144384544,"Kỳ AMIS theo ngày chứng từ; kỳ meInvoice theo ngày HĐ gốc, chưa phải cùng ngày bán"
2024-03,Lõi lọc KA600,11,8,0,5664653,3865462,1799191,453173,309239,143934,6117826,4174701,1943125,"Kỳ AMIS theo ngày chứng từ; kỳ meInvoice theo ngày HĐ gốc, chưa phải cùng ngày bán"
2024-03,Máy/thiết bị KA100,3,3,0,2938612,3741964,-803352,235089,299357,-64268,3173701,4041321,-867620,"Kỳ AMIS theo ngày chứng từ; kỳ meInvoice theo ngày HĐ gốc, chưa phải cùng ngày bán"
2024-03,Máy/thiết bị KA150,387,,4,375828892,223076794,152752098,30066301,17846129,12220172,405895193,240922923,164972270,"Kỳ AMIS theo ngày chứng từ; kỳ meInvoice theo ngày HĐ gốc, chưa phải cùng ngày bán; Có khoản chưa xác định lượng"
2024-03,Máy/thiết bị KA350,972,,6,1803657251,1163010415,640646836,144292738,93040842,51251896,1947949989,1256051257,691898732,"Kỳ AMIS theo ngày chứng từ; kỳ meInvoice theo ngày HĐ gốc, chưa phải cùng ngày bán; Có khoản chưa xác định lượng"
2024-03,Máy/thiết bị KA600,22,,2,64430559,163629624,-99199065,5154441,13090368,-7935927,69585000,176719992,-107134992,"Kỳ AMIS theo ngày chứng từ; kỳ meInvoice theo ngày HĐ gốc, chưa phải cùng ngày bán; Có khoản chưa xác định lượng"
2024-04,CHƯA PHÂN BỔ SẢN PHẨM,0,,128,0,354750984,-354750984,0,28380080,-28380080,0,383131064,-383131064,Chưa đủ căn cứ so sánh sản phẩm/kỳ; Có khoản chưa xác định lượng
2024-04,CHƯA XÁC ĐỊNH MODEL,196,240,0,87388063,185434650,-98046587,6915306,14834773,-7919467,94303369,200269423,-105966054,Chưa đủ căn cứ so sánh sản phẩm/kỳ
2024-04,Lõi lọc KA150,46,12,0,18974475,4562407,14412068,1517954,364994,1152960,20492429,4927401,15565028,"Kỳ AMIS theo ngày chứng từ; kỳ meInvoice theo ngày HĐ gốc, chưa phải cùng ngày bán"
2024-04,Lõi lọc KA350,1079,53,0,479452088,25781019,453671069,38356249,2062484,36293765,517808337,27843503,489964834,"Kỳ AMIS theo ngày chứng từ; kỳ meInvoice theo ngày HĐ gốc, chưa phải cùng ngày bán"
2024-04,Lõi lọc KA600,283,13,0,147729410,6734921,140994489,11818399,538795,11279604,159547809,7273716,152274093,"Kỳ AMIS theo ngày chứng từ; kỳ meInvoice theo ngày HĐ gốc, chưa phải cùng ngày bán"
2024-04,Máy/thiết bị KA100,10,7,0,9365032,6629166,2735866,749206,530333,218873,10114238,7159499,2954739,"Kỳ AMIS theo ngày chứng từ; kỳ meInvoice theo ngày HĐ gốc, chưa phải cùng ngày bán"
2024-04,Máy/thiết bị KA150,953,754,0,877699016,753731639,123967377,70216002,60298529,9917473,947915018,814030168,133884850,"Kỳ AMIS theo ngày chứng từ; kỳ meInvoice theo ngày HĐ gốc, chưa phải cùng ngày bán"
2024-04,Máy/thiết bị KA350,1629,1842,0,2453275844,3149795242,-696519398,196262181,251983601,-55721420,2649538025,3401778843,-752240818,"Kỳ AMIS theo ngày chứng từ; kỳ meInvoice theo ngày HĐ gốc, chưa phải cùng ngày bán"
2024-04,Máy/thiết bị KA600,374,363,0,813486124,875339124,-61853000,65078833,70027143,-4948310,878564957,945366267,-66801310,"Kỳ AMIS theo ngày chứng từ; kỳ meInvoice theo ngày HĐ gốc, chưa phải cùng ngày bán"
2024-05,CHƯA PHÂN BỔ SẢN PHẨM,0,,79,0,170072438,-170072438,0,13605795,-13605795,0,183678232,-183678232,Chưa đủ căn cứ so sánh sản phẩm/kỳ; Có khoản chưa xác định lượng
2024-05,CHƯA XÁC ĐỊNH MODEL,69,22,0,26123437,30785093,-4661656,1981347,2462811,-481464,28104784,33247904,-5143120,Chưa đủ căn cứ so sánh sản phẩm/kỳ
2024-05,Lõi lọc KA150,44,2,0,15829560,830527,14999033,1266361,66442,1199919,17095921,896969,16198952,"Kỳ AMIS theo ngày chứng từ; kỳ meInvoice theo ngày HĐ gốc, chưa phải cùng ngày bán"
2024-05,Lõi lọc KA350,692,46,0,308642691,23041190,285601501,24691446,1843301,22848145,333334137,24884491,308449646,"Kỳ AMIS theo ngày chứng từ; kỳ meInvoice theo ngày HĐ gốc, chưa phải cùng ngày bán"
2024-05,Lõi lọc KA600,66,15,0,36035570,6879444,29156126,2882847,550356,2332491,38918417,7429800,31488617,"Kỳ AMIS theo ngày chứng từ; kỳ meInvoice theo ngày HĐ gốc, chưa phải cùng ngày bán"
2024-05,Máy/thiết bị KA100,11,4,0,10210304,3431481,6778823,816824,274519,542305,11027128,3706000,7321128,"Kỳ AMIS theo ngày chứng từ; kỳ meInvoice theo ngày HĐ gốc, chưa phải cùng ngày bán"
2024-05,Máy/thiết bị KA150,1098,341,0,1043262209,320037358,723224851,83461020,25602986,57858034,1126723229,345640344,781082885,"Kỳ AMIS theo ngày chứng từ; kỳ meInvoice theo ngày HĐ gốc, chưa phải cùng ngày bán"
2024-05,Máy/thiết bị KA350,1048,735,0,1620235986,1193766232,426469754,129619115,95501297,34117818,1749855101,1289267529,460587572,"Kỳ AMIS theo ngày chứng từ; kỳ meInvoice theo ngày HĐ gốc, chưa phải cùng ngày bán"
2024-05,Máy/thiết bị KA600,98,59,0,243443351,143645571,99797780,19475474,11491644,7983830,262918825,155137215,107781610,"Kỳ AMIS theo ngày chứng từ; kỳ meInvoice theo ngày HĐ gốc, chưa phải cùng ngày bán"
2024-05,Máy/thiết bị KM100,46,0,0,7960603,0,7960603,636849,0,636849,8597452,0,8597452,"Kỳ AMIS theo ngày chứng từ; kỳ meInvoice theo ngày HĐ gốc, chưa phải cùng ngày bán"
2024-05,Máy/thiết bị KM200,36,0,0,9196986,0,9196986,735761,0,735761,9932747,0,9932747,"Kỳ AMIS theo ngày chứng từ; kỳ meInvoice theo ngày HĐ gốc, chưa phải cùng ngày bán"
2024-05,Máy/thiết bị KM300,93,72,0,35395824,19658449,15737375,2831666,1572669,1258997,38227490,21231118,16996372,"Kỳ AMIS theo ngày chứng từ; kỳ meInvoice theo ngày HĐ gốc, chưa phải cùng ngày bán"
2024-06,CHƯA PHÂN BỔ SẢN PHẨM,0,,120,0,550194565,-550194565,0,44017563,-44017563,0,594210129,-594210129,Chưa đủ căn cứ so sánh sản phẩm/kỳ; Có khoản chưa xác định lượng
2024-06,CHƯA XÁC ĐỊNH MODEL,42,84,0,17418060,70330077,-52912017,1393446,5626410,-4232964,18811506,75956487,-57144981,Chưa đủ căn cứ so sánh sản phẩm/kỳ
2024-06,Lõi lọc KA150,41,10,0,14964448,4800185,10164263,1197153,384016,813137,16161601,5184201,10977400,"Kỳ AMIS theo ngày chứng từ; kỳ meInvoice theo ngày HĐ gốc, chưa phải cùng ngày bán"
2024-06,Lõi lọc KA350,741,67,0,332291461,30661582,301629879,26583228,2452932,24130296,358874689,33114514,325760175,"Kỳ AMIS theo ngày chứng từ; kỳ meInvoice theo ngày HĐ gốc, chưa phải cùng ngày bán"
2024-06,Lõi lọc KA600,160,26,0,84004922,11658119,72346803,6720413,932652,5787761,90725335,12590771,78134564,"Kỳ AMIS theo ngày chứng từ; kỳ meInvoice theo ngày HĐ gốc, chưa phải cùng ngày bán"
2024-06,Máy/thiết bị KA100,6,8,0,7522360,10658519,-3136159,601791,852682,-250891,8124151,11511201,-3387050,"Kỳ AMIS theo ngày chứng từ; kỳ meInvoice theo ngày HĐ gốc, chưa phải cùng ngày bán"
2024-06,Máy/thiết bị KA150,1423,2489,0,1307550008,2032305187,-724755179,104604344,162584395,-57980051,1412154352,2194889582,-782735230,"Kỳ AMIS theo ngày chứng từ; kỳ meInvoice theo ngày HĐ gốc, chưa phải cùng ngày bán"
2024-06,Máy/thiết bị KA350,1261,1795,0,1944661499,2951207116,-1006545617,155572987,236096562,-80523575,2100234486,3187303678,-1087069192,"Kỳ AMIS theo ngày chứng từ; kỳ meInvoice theo ngày HĐ gốc, chưa phải cùng ngày bán"
2024-06,Máy/thiết bị KA600,175,189,0,386557433,462561421,-76003988,30924550,37004920,-6080370,417481983,499566341,-82084358,"Kỳ AMIS theo ngày chứng từ; kỳ meInvoice theo ngày HĐ gốc, chưa phải cùng ngày bán"
2024-06,Máy/thiết bị KM100,19,1,0,3508969,203333,3305636,280723,16266,264457,3789692,219599,3570093,"Kỳ AMIS theo ngày chứng từ; kỳ meInvoice theo ngày HĐ gốc, chưa phải cùng ngày bán"
2024-06,Máy/thiết bị KM200,75,1,0,21537365,296297,21241068,1722993,23704,1699289,23260358,320001,22940357,"Kỳ AMIS theo ngày chứng từ; kỳ meInvoice theo ngày HĐ gốc, chưa phải cùng ngày bán"
2024-06,Máy/thiết bị KM300,2,100,0,1230498,23528950,-22298452,98440,1882318,-1783878,1328938,25411268,-24082330,"Kỳ AMIS theo ngày chứng từ; kỳ meInvoice theo ngày HĐ gốc, chưa phải cùng ngày bán"
2024-07,CHƯA PHÂN BỔ SẢN PHẨM,0,,38,0,145747890,-145747890,0,11659831,-11659831,0,157407721,-157407721,Chưa đủ căn cứ so sánh sản phẩm/kỳ; Có khoản chưa xác định lượng
2024-07,CHƯA XÁC ĐỊNH MODEL,45,25,0,21326364,22262169,-935805,1706110,1780974,-74864,23032474,24043143,-1010669,Chưa đủ căn cứ so sánh sản phẩm/kỳ
2024-07,Lõi lọc KA150,46,2,0,16207990,851931,15356059,1296635,68155,1228480,17504625,920086,16584539,"Kỳ AMIS theo ngày chứng từ; kỳ meInvoice theo ngày HĐ gốc, chưa phải cùng ngày bán"
2024-07,Lõi lọc KA350,541,34,0,244909680,15768196,229141484,19592703,1261456,18331247,264502383,17029652,247472731,"Kỳ AMIS theo ngày chứng từ; kỳ meInvoice theo ngày HĐ gốc, chưa phải cùng ngày bán"
2024-07,Lõi lọc KA600,235,12,0,126751979,5688426,121063553,10140196,455076,9685120,136892175,6143502,130748673,"Kỳ AMIS theo ngày chứng từ; kỳ meInvoice theo ngày HĐ gốc, chưa phải cùng ngày bán"
2024-07,Máy/thiết bị KA100,5,0,0,5448655,0,5448655,435894,0,435894,5884549,0,5884549,"Kỳ AMIS theo ngày chứng từ; kỳ meInvoice theo ngày HĐ gốc, chưa phải cùng ngày bán"
2024-07,Máy/thiết bị KA150,1382,437,0,1319231485,383190752,936040733,105538599,30655248,74883351,1424770084,413846000,1010924084,"Kỳ AMIS theo ngày chứng từ; kỳ meInvoice theo ngày HĐ gốc, chưa phải cùng ngày bán"
2024-07,Máy/thiết bị KA350,1282,504,0,2042898365,811956942,1230941423,163431704,64956552,98475152,2206330069,876913494,1329416575,"Kỳ AMIS theo ngày chứng từ; kỳ meInvoice theo ngày HĐ gốc, chưa phải cùng ngày bán"
2024-07,Máy/thiết bị KA600,355,116,0,812855335,269022634,543832701,65028380,21521818,43506562,877883715,290544452,587339263,"Kỳ AMIS theo ngày chứng từ; kỳ meInvoice theo ngày HĐ gốc, chưa phải cùng ngày bán"
2024-07,Máy/thiết bị KM100,63,11,0,9730393,1779174,7951219,778440,142335,636105,10508833,1921509,8587324,"Kỳ AMIS theo ngày chứng từ; kỳ meInvoice theo ngày HĐ gốc, chưa phải cùng ngày bán"
2024-07,Máy/thiết bị KM200,83,11,0,21645888,3315331,18330557,1731669,265228,1466441,23377557,3580559,19796998,"Kỳ AMIS theo ngày chứng từ; kỳ meInvoice theo ngày HĐ gốc, chưa phải cùng ngày bán"
2024-07,Máy/thiết bị KM300,175,49,0,75957338,12326336,63631002,6076579,986110,5090469,82033917,13312446,68721471,"Kỳ AMIS theo ngày chứng từ; kỳ meInvoice theo ngày HĐ gốc, chưa phải cùng ngày bán"
2024-08,CHƯA PHÂN BỔ SẢN PHẨM,0,,124,0,646388132,-646388132,0,51711043,-51711043,0,698099175,-698099175,Chưa đủ căn cứ so sánh sản phẩm/kỳ; Có khoản chưa xác định lượng
2024-08,CHƯA XÁC ĐỊNH MODEL,53,48,0,29907521,82218131,-52310610,2392607,6577450,-4184843,32300128,88795581,-56495453,Chưa đủ căn cứ so sánh sản phẩm/kỳ
2024-08,Lõi lọc KA150,44,20,0,15840673,8678731,7161942,1267252,694300,572952,17107925,9373031,7734894,"Kỳ AMIS theo ngày chứng từ; kỳ meInvoice theo ngày HĐ gốc, chưa phải cùng ngày bán"
2024-08,Lõi lọc KA350,598,95,0,270007895,47292427,222715468,21600612,3783396,17817216,291608507,51075823,240532684,"Kỳ AMIS theo ngày chứng từ; kỳ meInvoice theo ngày HĐ gốc, chưa phải cùng ngày bán"
2024-08,Lõi lọc KA600,308,32,0,165409419,18860225,146549194,13232806,1508816,11723990,178642225,20369041,158273184,"Kỳ AMIS theo ngày chứng từ; kỳ meInvoice theo ngày HĐ gốc, chưa phải cùng ngày bán"
2024-08,Máy/thiết bị KA100,4,8,0,3208074,7760198,-4552124,256646,620816,-364170,3464720,8381014,-4916294,"Kỳ AMIS theo ngày chứng từ; kỳ meInvoice theo ngày HĐ gốc, chưa phải cùng ngày bán"
2024-08,Máy/thiết bị KA150,1307,1890,0,1308639272,1662999266,-354359994,104691180,133039973,-28348793,1413330452,1796039239,-382708787,"Kỳ AMIS theo ngày chứng từ; kỳ meInvoice theo ngày HĐ gốc, chưa phải cùng ngày bán"
2024-08,Máy/thiết bị KA350,1204,1850,0,1902385701,2949471490,-1047085789,152190736,235957687,-83766951,2054576437,3185429177,-1130852740,"Kỳ AMIS theo ngày chứng từ; kỳ meInvoice theo ngày HĐ gốc, chưa phải cùng ngày bán"
2024-08,Máy/thiết bị KA600,436,547,0,980888013,1311092104,-330204091,78470981,104887365,-26416384,1059358994,1415979469,-356620475,"Kỳ AMIS theo ngày chứng từ; kỳ meInvoice theo ngày HĐ gốc, chưa phải cùng ngày bán"
2024-08,Máy/thiết bị KA800,4,0,0,15477776,0,15477776,1238224,0,1238224,16716000,0,16716000,"Kỳ AMIS theo ngày chứng từ; kỳ meInvoice theo ngày HĐ gốc, chưa phải cùng ngày bán"
2024-08,Máy/thiết bị KM100,244,97,0,22688883,17588915,5099968,1815140,1407116,408024,24504023,18996031,5507992,"Kỳ AMIS theo ngày chứng từ; kỳ meInvoice theo ngày HĐ gốc, chưa phải cùng ngày bán"
2024-08,Máy/thiết bị KM200,161,166,0,40580251,42452765,-1872514,3246424,3396220,-149796,43826675,45848985,-2022310,"Kỳ AMIS theo ngày chứng từ; kỳ meInvoice theo ngày HĐ gốc, chưa phải cùng ngày bán"
2024-08,Máy/thiết bị KM300,266,271,0,112362148,111213613,1148535,8988930,8897091,91839,121351078,120110704,1240374,"Kỳ AMIS theo ngày chứng từ; kỳ meInvoice theo ngày HĐ gốc, chưa phải cùng ngày bán"
2024-09,CHƯA PHÂN BỔ SẢN PHẨM,0,,101,0,468937983,-468937983,0,37515041,-37515041,0,506453024,-506453024,Chưa đủ căn cứ so sánh sản phẩm/kỳ; Có khoản chưa xác định lượng
2024-09,CHƯA XÁC ĐỊNH MODEL,92,46,0,50081421,45131877,4949544,3980970,3610545,370425,54062391,48742422,5319969,Chưa đủ căn cứ so sánh sản phẩm/kỳ
2024-09,Lõi lọc KA150,56,10,0,19485265,4607408,14877857,1558819,368591,1190228,21044084,4975999,16068085,"Kỳ AMIS theo ngày chứng từ; kỳ meInvoice theo ngày HĐ gốc, chưa phải cùng ngày bán"
2024-09,Lõi lọc KA350,863,88,0,385106859,40748346,344358513,30808517,3259864,27548653,415915376,44008210,371907166,"Kỳ AMIS theo ngày chứng từ; kỳ meInvoice theo ngày HĐ gốc, chưa phải cùng ngày bán"
2024-09,Lõi lọc KA600,313,39,0,167139289,18254541,148884748,13371213,1460366,11910847,180510502,19714907,160795595,"Kỳ AMIS theo ngày chứng từ; kỳ meInvoice theo ngày HĐ gốc, chưa phải cùng ngày bán"
2024-09,Lõi lọc KA800,9,0,0,4013641,0,4013641,321092,0,321092,4334733,0,4334733,"Kỳ AMIS theo ngày chứng từ; kỳ meInvoice theo ngày HĐ gốc, chưa phải cùng ngày bán"
2024-09,Máy/thiết bị KA100,8,9,0,8109546,9146065,-1036519,648764,731687,-82923,8758310,9877752,-1119442,"Kỳ AMIS theo ngày chứng từ; kỳ meInvoice theo ngày HĐ gốc, chưa phải cùng ngày bán"
2024-09,Máy/thiết bị KA150,1175,1365,0,1222323367,1302245960,-79922593,97785906,104179613,-6393707,1320109273,1406425573,-86316300,"Kỳ AMIS theo ngày chứng từ; kỳ meInvoice theo ngày HĐ gốc, chưa phải cùng ngày bán"
2024-09,Máy/thiết bị KA350,1403,1289,0,2133824943,2081338965,52485978,170705886,166507142,4198744,2304530829,2247846107,56684722,"Kỳ AMIS theo ngày chứng từ; kỳ meInvoice theo ngày HĐ gốc, chưa phải cùng ngày bán"
2024-09,Máy/thiết bị KA600,381,388,0,832914044,933432735,-100518691,66633073,74674656,-8041583,899547117,1008107391,-108560274,"Kỳ AMIS theo ngày chứng từ; kỳ meInvoice theo ngày HĐ gốc, chưa phải cùng ngày bán"
2024-09,Máy/thiết bị KA800,9,5,0,30565517,17950482,12615035,2445244,1436038,1009206,33010761,19386520,13624241,"Kỳ AMIS theo ngày chứng từ; kỳ meInvoice theo ngày HĐ gốc, chưa phải cùng ngày bán"
2024-09,Máy/thiết bị KM100,83,140,0,14005316,33197339,-19192023,1120429,2655790,-1535361,15125745,35853129,-20727384,"Kỳ AMIS theo ngày chứng từ; kỳ meInvoice theo ngày HĐ gốc, chưa phải cùng ngày bán"
2024-09,Máy/thiết bị KM200,116,124,0,30198729,28892170,1306559,2415915,2311373,104542,32614644,31203543,1411101,"Kỳ AMIS theo ngày chứng từ; kỳ meInvoice theo ngày HĐ gốc, chưa phải cùng ngày bán"
2024-09,Máy/thiết bị KM300,242,242,0,102050333,92234060,9816273,8164035,7378731,785304,110214368,99612791,10601577,"Kỳ AMIS theo ngày chứng từ; kỳ meInvoice theo ngày HĐ gốc, chưa phải cùng ngày bán"
2024-10,CHƯA PHÂN BỔ SẢN PHẨM,0,,80,0,359311458,-359311458,0,28744918,-28744918,0,388055476,-388055476,Chưa đủ căn cứ so sánh sản phẩm/kỳ; Có khoản chưa xác định lượng
2024-10,CHƯA XÁC ĐỊNH MODEL,34,26,0,19273626,33824579,-14550953,1541892,2705966,-1164074,20815518,36530545,-15715027,Chưa đủ căn cứ so sánh sản phẩm/kỳ
2024-10,Lõi lọc KA150,42,8,0,15833185,3398148,12435037,1266655,271854,994801,17099840,3670002,13429838,"Kỳ AMIS theo ngày chứng từ; kỳ meInvoice theo ngày HĐ gốc, chưa phải cùng ngày bán"
2024-10,Lõi lọc KA350,607,,1,274655044,46680723,227974321,21972371,3734474,18237897,296627415,50415197,246212218,"Kỳ AMIS theo ngày chứng từ; kỳ meInvoice theo ngày HĐ gốc, chưa phải cùng ngày bán; Có khoản chưa xác định lượng"
2024-10,Lõi lọc KA600,216,26,0,114232445,11547534,102684911,9138634,923805,8214829,123371079,12471339,110899740,"Kỳ AMIS theo ngày chứng từ; kỳ meInvoice theo ngày HĐ gốc, chưa phải cùng ngày bán"
2024-10,Lõi lọc KA800,21,0,0,9650871,0,9650871,772068,0,772068,10422939,0,10422939,"Kỳ AMIS theo ngày chứng từ; kỳ meInvoice theo ngày HĐ gốc, chưa phải cùng ngày bán"
2024-10,Máy/thiết bị KA100,3,1,0,3241489,130370,3111119,259318,10430,248888,3500807,140800,3360007,"Kỳ AMIS theo ngày chứng từ; kỳ meInvoice theo ngày HĐ gốc, chưa phải cùng ngày bán"
2024-10,Máy/thiết bị KA150,1510,905,0,1536683837,829145590,707538247,122934707,66331618,56603089,1659618544,895477208,764141336,"Kỳ AMIS theo ngày chứng từ; kỳ meInvoice theo ngày HĐ gốc, chưa phải cùng ngày bán"
2024-10,Máy/thiết bị KA350,1236,887,0,1960928923,1402107555,558821368,156874164,112168561,44705603,2117803087,1514276116,603526971,"Kỳ AMIS theo ngày chứng từ; kỳ meInvoice theo ngày HĐ gốc, chưa phải cùng ngày bán"
2024-10,Máy/thiết bị KA600,352,263,0,816873575,612954405,203919170,65349890,49036392,16313498,882223465,661990797,220232668,"Kỳ AMIS theo ngày chứng từ; kỳ meInvoice theo ngày HĐ gốc, chưa phải cùng ngày bán"
2024-10,Máy/thiết bị KA800,22,7,0,76989685,25779277,51210408,6159176,2062342,4096834,83148861,27841619,55307242,"Kỳ AMIS theo ngày chứng từ; kỳ meInvoice theo ngày HĐ gốc, chưa phải cùng ngày bán"
2024-10,Máy/thiết bị KM100,4,14,0,542512,3144963,-2602451,43400,251598,-208198,585912,3396561,-2810649,"Kỳ AMIS theo ngày chứng từ; kỳ meInvoice theo ngày HĐ gốc, chưa phải cùng ngày bán"
2024-10,Máy/thiết bị KM200,300,112,0,74537039,30141667,44395372,5963011,2411339,3551672,80500050,32553006,47947044,"Kỳ AMIS theo ngày chứng từ; kỳ meInvoice theo ngày HĐ gốc, chưa phải cùng ngày bán"
2024-10,Máy/thiết bị KM300,717,205,0,195435019,60113803,135321216,15634704,4809109,10825595,211069723,64922912,146146811,"Kỳ AMIS theo ngày chứng từ; kỳ meInvoice theo ngày HĐ gốc, chưa phải cùng ngày bán"
2024-11,CHƯA PHÂN BỔ SẢN PHẨM,0,,117,0,2960300950,-2960300950,0,236824081,-236824081,0,3197125031,-3197125031,Chưa đủ căn cứ so sánh sản phẩm/kỳ; Có khoản chưa xác định lượng
2024-11,CHƯA XÁC ĐỊNH MODEL,30,15,0,19902373,17576057,2326316,1505792,1406084,99708,21408165,18982141,2426024,Chưa đủ căn cứ so sánh sản phẩm/kỳ
2024-11,Lõi lọc KA150,62,13,0,23030283,5820407,17209876,1842425,465635,1376790,24872708,6286042,18586666,"Kỳ AMIS theo ngày chứng từ; kỳ meInvoice theo ngày HĐ gốc, chưa phải cùng ngày bán"
2024-11,Lõi lọc KA350,647,33,0,295484041,16254719,279229322,23638690,1300383,22338307,319122731,17555102,301567629,"Kỳ AMIS theo ngày chứng từ; kỳ meInvoice theo ngày HĐ gốc, chưa phải cùng ngày bán"
2024-11,Lõi lọc KA600,236,23,0,123838253,11077776,112760477,9907092,886227,9020865,133745345,11964003,121781342,"Kỳ AMIS theo ngày chứng từ; kỳ meInvoice theo ngày HĐ gốc, chưa phải cùng ngày bán"
2024-11,Lõi lọc KA800,49,0,0,22289448,0,22289448,1783150,0,1783150,24072598,0,24072598,"Kỳ AMIS theo ngày chứng từ; kỳ meInvoice theo ngày HĐ gốc, chưa phải cùng ngày bán"
2024-11,Máy/thiết bị KA100,3,3,0,3154611,3156037,-1426,252369,252483,-114,3406980,3408520,-1540,"Kỳ AMIS theo ngày chứng từ; kỳ meInvoice theo ngày HĐ gốc, chưa phải cùng ngày bán"
2024-11,Máy/thiết bị KA150,1323,433,0,1468040874,420517042,1047523832,117443191,33641375,83801816,1585484065,454158417,1131325648,"Kỳ AMIS theo ngày chứng từ; kỳ meInvoice theo ngày HĐ gốc, chưa phải cùng ngày bán"
2024-11,Máy/thiết bị KA350,1095,321,0,1768532231,529202787,1239329444,141482471,42336178,99146293,1910014702,571538965,1338475737,"Kỳ AMIS theo ngày chứng từ; kỳ meInvoice theo ngày HĐ gốc, chưa phải cùng ngày bán"
2024-11,Máy/thiết bị KA600,347,103,0,786544789,246489727,540055062,62923599,19719190,43204409,849468388,266208917,583259471,"Kỳ AMIS theo ngày chứng từ; kỳ meInvoice theo ngày HĐ gốc, chưa phải cùng ngày bán"
2024-11,Máy/thiết bị KA800,48,13,0,160301187,47423019,112878168,12824095,3793839,9030256,173125282,51216858,121908424,"Kỳ AMIS theo ngày chứng từ; kỳ meInvoice theo ngày HĐ gốc, chưa phải cùng ngày bán"
2024-11,Máy/thiết bị KM200,727,105,0,179650888,24909912,154740976,14372190,1992792,12379398,194023078,26902704,167120374,"Kỳ AMIS theo ngày chứng từ; kỳ meInvoice theo ngày HĐ gốc, chưa phải cùng ngày bán"
2024-11,Máy/thiết bị KM300,16,256,0,6999935,25361147,-18361212,559995,2028908,-1468913,7559930,27390055,-19830125,"Kỳ AMIS theo ngày chứng từ; kỳ meInvoice theo ngày HĐ gốc, chưa phải cùng ngày bán"
2024-12,CHƯA PHÂN BỔ SẢN PHẨM,0,,225,0,1609367326,-1609367326,0,128749387,-128749387,0,1738116713,-1738116713,Chưa đủ căn cứ so sánh sản phẩm/kỳ; Có khoản chưa xác định lượng
2024-12,CHƯA XÁC ĐỊNH MODEL,45,75,0,24371266,101807326,-77436060,1949700,8144594,-6194894,26320966,109951920,-83630954,Chưa đủ căn cứ so sánh sản phẩm/kỳ
2024-12,Lõi lọc KA150,80,38,0,30994156,17137480,13856676,2479533,1371003,1108530,33473689,18508483,14965206,"Kỳ AMIS theo ngày chứng từ; kỳ meInvoice theo ngày HĐ gốc, chưa phải cùng ngày bán"
2024-12,Lõi lọc KA350,636,141,0,290727011,67472590,223254421,23258083,5397829,17860254,313985094,72870419,241114675,"Kỳ AMIS theo ngày chứng từ; kỳ meInvoice theo ngày HĐ gốc, chưa phải cùng ngày bán"
2024-12,Lõi lọc KA600,403,51,0,214102618,24725510,189377108,17128299,1978048,15150251,231230917,26703558,204527359,"Kỳ AMIS theo ngày chứng từ; kỳ meInvoice theo ngày HĐ gốc, chưa phải cùng ngày bán"
2024-12,Lõi lọc KA800,69,2,0,28669805,1515739,27154066,2293612,121259,2172353,30963417,1636998,29326419,"Kỳ AMIS theo ngày chứng từ; kỳ meInvoice theo ngày HĐ gốc, chưa phải cùng ngày bán"
2024-12,Máy/thiết bị KA100,8,4,0,8066358,4183520,3882838,645309,334681,310628,8711667,4518201,4193466,"Kỳ AMIS theo ngày chứng từ; kỳ meInvoice theo ngày HĐ gốc, chưa phải cùng ngày bán"
2024-12,Máy/thiết bị KA15,0,1,0,0,1137963,-1137963,0,91037,-91037,0,1229000,-1229000,"Kỳ AMIS theo ngày chứng từ; kỳ meInvoice theo ngày HĐ gốc, chưa phải cùng ngày bán"
2024-12,Máy/thiết bị KA150,1552,2007,0,1695110739,2029839016,-334728277,135608793,162387183,-26778390,1830719532,2192226199,-361506667,"Kỳ AMIS theo ngày chứng từ; kỳ meInvoice theo ngày HĐ gốc, chưa phải cùng ngày bán"
2024-12,Máy/thiết bị KA350,1028,1699,0,1606997192,2698615398,-1091618206,128559730,215889167,-87329437,1735556922,2914504565,-1178947643,"Kỳ AMIS theo ngày chứng từ; kỳ meInvoice theo ngày HĐ gốc, chưa phải cùng ngày bán"
2024-12,Máy/thiết bị KA600,350,453,0,711305633,1079237172,-367931539,56904433,86338990,-29434557,768210066,1165576162,-397366096,"Kỳ AMIS theo ngày chứng từ; kỳ meInvoice theo ngày HĐ gốc, chưa phải cùng ngày bán"
2024-12,Máy/thiết bị KA800,69,67,0,220936665,248164082,-27227417,17674923,19853116,-2178193,238611588,268017198,-29405610,"Kỳ AMIS theo ngày chứng từ; kỳ meInvoice theo ngày HĐ gốc, chưa phải cùng ngày bán"
2024-12,Máy/thiết bị KH100,9,0,0,2840860,0,2840860,227271,0,227271,3068131,0,3068131,"Kỳ AMIS theo ngày chứng từ; kỳ meInvoice theo ngày HĐ gốc, chưa phải cùng ngày bán"
2024-12,Máy/thiết bị KH200,65,4,0,37502237,3489814,34012423,3000164,279185,2720979,40502401,3768999,36733402,"Kỳ AMIS theo ngày chứng từ; kỳ meInvoice theo ngày HĐ gốc, chưa phải cùng ngày bán"
2024-12,Máy/thiết bị KM200,1,571,0,258333,131052534,-130794201,20667,10484181,-10463514,279000,141536715,-141257715,"Kỳ AMIS theo ngày chứng từ; kỳ meInvoice theo ngày HĐ gốc, chưa phải cùng ngày bán"
2024-12,Máy/thiết bị KM300,359,420,0,150748277,165647429,-14899152,12059816,13251777,-1191961,162808093,178899206,-16091113,"Kỳ AMIS theo ngày chứng từ; kỳ meInvoice theo ngày HĐ gốc, chưa phải cùng ngày bán"
2025-01,CHƯA PHÂN BỔ SẢN PHẨM,0,,80,0,91478312,-91478312,0,7454264,-7454264,0,98796576,-98796576,Chưa đủ căn cứ so sánh sản phẩm/kỳ; Có khoản chưa xác định lượng
2025-01,CHƯA XÁC ĐỊNH MODEL,31,11,0,17039699,22499104,-5459405,1363178,1799927,-436749,18402877,24299031,-5896154,Chưa đủ căn cứ so sánh sản phẩm/kỳ
2025-01,Lõi lọc KA150,49,8,0,21871376,3313516,18557860,1749710,265082,1484628,23621086,3578598,20042488,"Kỳ AMIS theo ngày chứng từ; kỳ meInvoice theo ngày HĐ gốc, chưa phải cùng ngày bán"
2025-01,Lõi lọc KA350,807,45,0,366411409,21219736,345191673,29312895,1697585,27615310,395724304,22917321,372806983,"Kỳ AMIS theo ngày chứng từ; kỳ meInvoice theo ngày HĐ gốc, chưa phải cùng ngày bán"
2025-01,Lõi lọc KA600,445,21,0,235998350,9468055,226530295,18879960,757447,18122513,254878310,10225502,244652808,"Kỳ AMIS theo ngày chứng từ; kỳ meInvoice theo ngày HĐ gốc, chưa phải cùng ngày bán"
2025-01,Lõi lọc KA800,5,0,0,2142010,0,2142010,171360,0,171360,2313370,0,2313370,"Kỳ AMIS theo ngày chứng từ; kỳ meInvoice theo ngày HĐ gốc, chưa phải cùng ngày bán"
2025-01,Máy/thiết bị KA100,8,1,0,7873843,1009556,6864287,629907,80764,549143,8503750,1090320,7413430,"Kỳ AMIS theo ngày chứng từ; kỳ meInvoice theo ngày HĐ gốc, chưa phải cùng ngày bán"
2025-01,Máy/thiết bị KA150,1322,386,0,1467423482,404077061,1063346421,117393832,32326136,85067696,1584817314,436403197,1148414117,"Kỳ AMIS theo ngày chứng từ; kỳ meInvoice theo ngày HĐ gốc, chưa phải cùng ngày bán"
2025-01,Máy/thiết bị KA350,914,226,0,1404191249,384405830,1019785419,112335203,30752464,81582739,1516526452,415158294,1101368158,"Kỳ AMIS theo ngày chứng từ; kỳ meInvoice theo ngày HĐ gốc, chưa phải cùng ngày bán"
2025-01,Máy/thiết bị KA600,389,102,0,788121546,243628993,544492553,63049676,19490342,43559334,851171222,263119335,588051887,"Kỳ AMIS theo ngày chứng từ; kỳ meInvoice theo ngày HĐ gốc, chưa phải cùng ngày bán"
2025-01,Máy/thiết bị KA800,30,7,0,99625424,22298156,77327268,7970040,1783853,6186187,107595464,24082009,83513455,"Kỳ AMIS theo ngày chứng từ; kỳ meInvoice theo ngày HĐ gốc, chưa phải cùng ngày bán"
2025-01,Máy/thiết bị KH100,17,5,0,6221997,1817945,4404052,497767,145435,352332,6719764,1963380,4756384,"Kỳ AMIS theo ngày chứng từ; kỳ meInvoice theo ngày HĐ gốc, chưa phải cùng ngày bán"
2025-01,Máy/thiết bị KH200,139,32,0,78749560,16520047,62229513,6299927,1321604,4978323,85049487,17841651,67207836,"Kỳ AMIS theo ngày chứng từ; kỳ meInvoice theo ngày HĐ gốc, chưa phải cùng ngày bán"
2025-01,Máy/thiết bị KM200,3,2,0,507204,222222,284982,40577,17778,22799,547781,240000,307781,"Kỳ AMIS theo ngày chứng từ; kỳ meInvoice theo ngày HĐ gốc, chưa phải cùng ngày bán"
2025-01,Máy/thiết bị KM300,391,99,0,166935789,39826204,127109585,13354770,3186096,10168674,180290559,43012300,137278259,"Kỳ AMIS theo ngày chứng từ; kỳ meInvoice theo ngày HĐ gốc, chưa phải cùng ngày bán"
2025-02,CHƯA PHÂN BỔ SẢN PHẨM,0,,130,0,148875397,-148875397,0,11910032,-11910032,0,161609426,-161609426,Chưa đủ căn cứ so sánh sản phẩm/kỳ; Có khoản chưa xác định lượng
2025-02,CHƯA XÁC ĐỊNH MODEL,42,38,0,22053413,65689266,-43635853,1721077,5255145,-3534068,23774490,70944411,-47169921,Chưa đủ căn cứ so sánh sản phẩm/kỳ
2025-02,Lõi lọc KA150,81,25,0,32199866,10407760,21792106,2575995,832620,1743375,34775861,11240380,23535481,"Kỳ AMIS theo ngày chứng từ; kỳ meInvoice theo ngày HĐ gốc, chưa phải cùng ngày bán"
2025-02,Lõi lọc KA350,451,98,0,211677587,48592448,163085139,16934214,3887412,13046802,228611801,52479860,176131941,"Kỳ AMIS theo ngày chứng từ; kỳ meInvoice theo ngày HĐ gốc, chưa phải cùng ngày bán"
2025-02,Lõi lọc KA600,273,44,0,143426429,25134101,118292328,11474154,2010742,9463412,154900583,27144843,127755740,"Kỳ AMIS theo ngày chứng từ; kỳ meInvoice theo ngày HĐ gốc, chưa phải cùng ngày bán"
2025-02,Lõi lọc KA800,1,1,0,97059,600000,-502941,7765,48000,-40235,104824,648000,-543176,"Kỳ AMIS theo ngày chứng từ; kỳ meInvoice theo ngày HĐ gốc, chưa phải cùng ngày bán"
2025-02,Máy/thiết bị KA100,9,8,0,9761742,7315852,2445890,780938,585268,195670,10542680,7901120,2641560,"Kỳ AMIS theo ngày chứng từ; kỳ meInvoice theo ngày HĐ gốc, chưa phải cùng ngày bán"
2025-02,Máy/thiết bị KA150,2047,1177,0,2288941502,1237688601,1051252901,183115230,99015061,84100169,2472056732,1336703662,1135353070,"Kỳ AMIS theo ngày chứng từ; kỳ meInvoice theo ngày HĐ gốc, chưa phải cùng ngày bán"
2025-02,Máy/thiết bị KA350,977,743,0,1617897702,1277097063,340800639,129474866,102167751,27307115,1747372568,1379264814,368107754,"Kỳ AMIS theo ngày chứng từ; kỳ meInvoice theo ngày HĐ gốc, chưa phải cùng ngày bán"
2025-02,Máy/thiết bị KA600,622,299,0,1503417284,732463700,770953584,120273408,58597138,61676270,1623690692,791060838,832629854,"Kỳ AMIS theo ngày chứng từ; kỳ meInvoice theo ngày HĐ gốc, chưa phải cùng ngày bán"
2025-02,Máy/thiết bị KA800,47,22,0,168169443,76574487,91594956,13453566,6125971,7327595,181623009,82700458,98922551,"Kỳ AMIS theo ngày chứng từ; kỳ meInvoice theo ngày HĐ gốc, chưa phải cùng ngày bán"
2025-02,Máy/thiết bị KH100,181,15,0,41375159,5691394,35683765,3310036,455310,2854726,44685195,6146704,38538491,"Kỳ AMIS theo ngày chứng từ; kỳ meInvoice theo ngày HĐ gốc, chưa phải cùng ngày bán"
2025-02,Máy/thiết bị KH200,187,143,0,83164435,80539136,2625299,6653119,6443125,209994,89817554,86982261,2835293,"Kỳ AMIS theo ngày chứng từ; kỳ meInvoice theo ngày HĐ gốc, chưa phải cùng ngày bán"
2025-02,Máy/thiết bị KM200,1,1,0,111111,111111,0,8889,8889,0,120000,120000,0,"Kỳ AMIS theo ngày chứng từ; kỳ meInvoice theo ngày HĐ gốc, chưa phải cùng ngày bán"
2025-02,Máy/thiết bị KM30,0,1,0,0,332593,-332593,0,26607,-26607,0,359200,-359200,"Kỳ AMIS theo ngày chứng từ; kỳ meInvoice theo ngày HĐ gốc, chưa phải cùng ngày bán"
2025-02,Máy/thiết bị KM300,1353,522,0,585222432,215148801,370073631,46817448,17211867,29605581,632039880,232360668,399679212,"Kỳ AMIS theo ngày chứng từ; kỳ meInvoice theo ngày HĐ gốc, chưa phải cùng ngày bán"
2025-03,CHƯA PHÂN BỔ SẢN PHẨM,0,,69,0,-111167130,111167130,0,-8893369,8893369,0,-120060499,120060499,Chưa đủ căn cứ so sánh sản phẩm/kỳ; Có khoản chưa xác định lượng
2025-03,CHƯA XÁC ĐỊNH MODEL,20,30,0,8624399,49687148,-41062749,689953,3974973,-3285020,9314352,53662121,-44347769,Chưa đủ căn cứ so sánh sản phẩm/kỳ
2025-03,Lõi lọc KA150,68,31,0,26153042,17414260,8738782,2092245,1393140,699105,28245287,18807400,9437887,"Kỳ AMIS theo ngày chứng từ; kỳ meInvoice theo ngày HĐ gốc, chưa phải cùng ngày bán"
2025-03,Lõi lọc KA350,619,213,0,290638907,151664694,138974213,23251105,12133179,11117926,313890012,163797873,150092139,"Kỳ AMIS theo ngày chứng từ; kỳ meInvoice theo ngày HĐ gốc, chưa phải cùng ngày bán"
2025-03,Lõi lọc KA600,182,70,0,95698071,40563521,55134550,7655879,3245090,4410789,103353950,43808611,59545339,"Kỳ AMIS theo ngày chứng từ; kỳ meInvoice theo ngày HĐ gốc, chưa phải cùng ngày bán"
2025-03,Lõi lọc KA800,1,2,0,1397280,1562037,-164757,111782,124963,-13181,1509062,1687000,-177938,"Kỳ AMIS theo ngày chứng từ; kỳ meInvoice theo ngày HĐ gốc, chưa phải cùng ngày bán"
2025-03,Máy/thiết bị KA100,8,4,0,7912696,4681481,3231215,633016,374519,258497,8545712,5056000,3489712,"Kỳ AMIS theo ngày chứng từ; kỳ meInvoice theo ngày HĐ gốc, chưa phải cùng ngày bán"
2025-03,Máy/thiết bị KA150,2827,2408,0,3042443014,2648549599,393893415,243395609,211883980,31511629,3285838623,2860433579,425405044,"Kỳ AMIS theo ngày chứng từ; kỳ meInvoice theo ngày HĐ gốc, chưa phải cùng ngày bán"
2025-03,Máy/thiết bị KA350,1137,1147,0,1964844941,2153376410,-188531469,157187474,172270105,-15082631,2122032415,2325646515,-203614100,"Kỳ AMIS theo ngày chứng từ; kỳ meInvoice theo ngày HĐ gốc, chưa phải cùng ngày bán"
2025-03,Máy/thiết bị KA600,361,451,0,871252653,1175474142,-304221489,69700244,94037947,-24337703,940952897,1269512089,-328559192,"Kỳ AMIS theo ngày chứng từ; kỳ meInvoice theo ngày HĐ gốc, chưa phải cùng ngày bán"
2025-03,Máy/thiết bị KA800,56,70,0,203256560,256346250,-53089690,16260540,20507703,-4247163,219517100,276853953,-57336853,"Kỳ AMIS theo ngày chứng từ; kỳ meInvoice theo ngày HĐ gốc, chưa phải cùng ngày bán"
2025-03,Máy/thiết bị KH100,189,94,0,54830175,64931392,-10101217,4386407,5194487,-808080,59216582,70125879,-10909297,"Kỳ AMIS theo ngày chứng từ; kỳ meInvoice theo ngày HĐ gốc, chưa phải cùng ngày bán"
2025-03,Máy/thiết bị KH200,-2,61,0,-402595,34106480,-34509075,-32207,2728513,-2760720,-434802,36834993,-37269795,"Kỳ AMIS theo ngày chứng từ; kỳ meInvoice theo ngày HĐ gốc, chưa phải cùng ngày bán"
2025-03,Máy/thiết bị KM003,26,2,0,5138881,441666,4697215,411118,35334,375784,5549999,477000,5072999,"Kỳ AMIS theo ngày chứng từ; kỳ meInvoice theo ngày HĐ gốc, chưa phải cùng ngày bán"
2025-03,Máy/thiết bị KM300,487,610,0,209372932,267603834,-58230902,16749717,21408303,-4658586,226122649,289012137,-62889488,"Kỳ AMIS theo ngày chứng từ; kỳ meInvoice theo ngày HĐ gốc, chưa phải cùng ngày bán"
2025-03,Máy/thiết bị KM420,3,0,0,1218518,0,1218518,97482,0,97482,1316000,0,1316000,"Kỳ AMIS theo ngày chứng từ; kỳ meInvoice theo ngày HĐ gốc, chưa phải cùng ngày bán"
2025-03,Máy/thiết bị KM430,9,2,0,4537035,998148,3538887,362964,79852,283112,4899999,1078000,3821999,"Kỳ AMIS theo ngày chứng từ; kỳ meInvoice theo ngày HĐ gốc, chưa phải cùng ngày bán"
2025-03,Máy/thiết bị KM440,1,0,0,628704,0,628704,50296,0,50296,679000,0,679000,"Kỳ AMIS theo ngày chứng từ; kỳ meInvoice theo ngày HĐ gốc, chưa phải cùng ngày bán"
2025-04,CHƯA PHÂN BỔ SẢN PHẨM,0,,16,0,0,0,0,0,0,0,0,0,Chưa đủ căn cứ so sánh sản phẩm/kỳ; Có khoản chưa xác định lượng
2025-04,CHƯA XÁC ĐỊNH MODEL,21,45,0,7969926,41568574,-33598648,618475,3325478,-2707003,8588401,44894052,-36305651,Chưa đủ căn cứ so sánh sản phẩm/kỳ
2025-04,Lõi lọc KA100,0,1,0,0,148148,-148148,0,11852,-11852,0,160000,-160000,"Kỳ AMIS theo ngày chứng từ; kỳ meInvoice theo ngày HĐ gốc, chưa phải cùng ngày bán"
2025-04,Lõi lọc KA150,66,74,0,26579693,34409240,-7829547,2126377,2752741,-626364,28706070,37161981,-8455911,"Kỳ AMIS theo ngày chứng từ; kỳ meInvoice theo ngày HĐ gốc, chưa phải cùng ngày bán"
2025-04,Lõi lọc KA350,349,412,0,201115845,211293725,-10177880,16089309,16903518,-814209,217205154,228197243,-10992089,"Kỳ AMIS theo ngày chứng từ; kỳ meInvoice theo ngày HĐ gốc, chưa phải cùng ngày bán"
2025-04,Lõi lọc KA600,176,204,0,93382565,104575217,-11192652,7470617,8366022,-895405,100853182,112941239,-12088057,"Kỳ AMIS theo ngày chứng từ; kỳ meInvoice theo ngày HĐ gốc, chưa phải cùng ngày bán"
2025-04,Lõi lọc KA800,4,2,0,1770076,1574074,196002,141606,125926,15680,1911682,1700000,211682,"Kỳ AMIS theo ngày chứng từ; kỳ meInvoice theo ngày HĐ gốc, chưa phải cùng ngày bán"
2025-04,Máy/thiết bị KA100,4,12,0,4688535,13766642,-9078107,375083,1101330,-726247,5063618,14867972,-9804354,"Kỳ AMIS theo ngày chứng từ; kỳ meInvoice theo ngày HĐ gốc, chưa phải cùng ngày bán"
2025-04,Máy/thiết bị KA150,1485,4531,0,1698840634,5088070516,-3389229882,135907156,407045656,-271138500,1834747790,5495116172,-3660368382,"Kỳ AMIS theo ngày chứng từ; kỳ meInvoice theo ngày HĐ gốc, chưa phải cùng ngày bán"
2025-04,Máy/thiết bị KA350,762,2163,0,1403973835,4129714383,-2725740548,112317816,330377129,-218059313,1516291651,4460091512,-2943799861,"Kỳ AMIS theo ngày chứng từ; kỳ meInvoice theo ngày HĐ gốc, chưa phải cùng ngày bán"
2025-04,Máy/thiết bị KA600,491,1166,0,1201596545,3027436117,-1825839572,96127781,242194897,-146067116,1297724326,3269631014,-1971906688,"Kỳ AMIS theo ngày chứng từ; kỳ meInvoice theo ngày HĐ gốc, chưa phải cùng ngày bán"
2025-04,Máy/thiết bị KA800,43,122,0,149312350,446850783,-297538433,11944996,35748065,-23803069,161257346,482598848,-321341502,"Kỳ AMIS theo ngày chứng từ; kỳ meInvoice theo ngày HĐ gốc, chưa phải cùng ngày bán"
2025-04,Máy/thiết bị KH100,5,150,0,670472,111982444,-111311972,53637,8958589,-8904952,724109,120941033,-120216924,"Kỳ AMIS theo ngày chứng từ; kỳ meInvoice theo ngày HĐ gốc, chưa phải cùng ngày bán"
2025-04,Máy/thiết bị KH200,591,676,0,328141109,439478971,-111337862,26251166,35158308,-8907142,354392275,474637279,-120245004,"Kỳ AMIS theo ngày chứng từ; kỳ meInvoice theo ngày HĐ gốc, chưa phải cùng ngày bán"
2025-04,Máy/thiết bị KM002,31,28,0,5024474,4959257,65217,401953,396739,5214,5426427,5355996,70431,"Kỳ AMIS theo ngày chứng từ; kỳ meInvoice theo ngày HĐ gốc, chưa phải cùng ngày bán"
2025-04,Máy/thiết bị KM003,75,97,0,16033729,20881926,-4848197,1282707,1670557,-387850,17316436,22552483,-5236047,"Kỳ AMIS theo ngày chứng từ; kỳ meInvoice theo ngày HĐ gốc, chưa phải cùng ngày bán"
2025-04,Máy/thiết bị KM200,1,1,0,111111,111111,0,8889,8889,0,120000,120000,0,"Kỳ AMIS theo ngày chứng từ; kỳ meInvoice theo ngày HĐ gốc, chưa phải cùng ngày bán"
2025-04,Máy/thiết bị KM300,818,2016,0,359538054,896642909,-537104855,28782060,71731427,-42949367,388320114,968374336,-580054222,"Kỳ AMIS theo ngày chứng từ; kỳ meInvoice theo ngày HĐ gốc, chưa phải cùng ngày bán"
2025-04,Máy/thiết bị KM420,29,32,0,11091122,13543260,-2452138,887296,1083453,-196157,11978418,14626713,-2648295,"Kỳ AMIS theo ngày chứng từ; kỳ meInvoice theo ngày HĐ gốc, chưa phải cùng ngày bán"
2025-04,Máy/thiết bị KM430,31,35,0,15651541,18432403,-2780862,1252126,1474595,-222469,16903667,19906998,-3003331,"Kỳ AMIS theo ngày chứng từ; kỳ meInvoice theo ngày HĐ gốc, chưa phải cùng ngày bán"
2025-04,Máy/thiết bị KM440,29,29,0,19434159,19882407,-448248,1554728,1590592,-35864,20988887,21472999,-484112,"Kỳ AMIS theo ngày chứng từ; kỳ meInvoice theo ngày HĐ gốc, chưa phải cùng ngày bán"
2025-05,CHƯA PHÂN BỔ SẢN PHẨM,0,,489,0,-405555,405555,0,-32445,32445,0,-438000,438000,Chưa đủ căn cứ so sánh sản phẩm/kỳ; Có khoản chưa xác định lượng
2025-05,CHƯA XÁC ĐỊNH MODEL,35,34,0,15451071,41699062,-26247991,1236090,3335928,-2099838,16687161,45034990,-28347829,Chưa đủ căn cứ so sánh sản phẩm/kỳ
2025-05,Lõi lọc KA150,53,34,0,22002308,15380484,6621824,1760181,1230438,529743,23762489,16610922,7151567,"Kỳ AMIS theo ngày chứng từ; kỳ meInvoice theo ngày HĐ gốc, chưa phải cùng ngày bán"
2025-05,Lõi lọc KA350,410,179,0,241143518,91460704,149682814,19291505,7316869,11974636,260435023,98777573,161657450,"Kỳ AMIS theo ngày chứng từ; kỳ meInvoice theo ngày HĐ gốc, chưa phải cùng ngày bán"
2025-05,Lõi lọc KA600,247,95,0,131457618,56687620,74769998,10516641,4535018,5981623,141974259,61222638,80751621,"Kỳ AMIS theo ngày chứng từ; kỳ meInvoice theo ngày HĐ gốc, chưa phải cùng ngày bán"
2025-05,Lõi lọc KA800,2,0,0,681494,0,681494,54520,0,54520,736014,0,736014,"Kỳ AMIS theo ngày chứng từ; kỳ meInvoice theo ngày HĐ gốc, chưa phải cùng ngày bán"
2025-05,Máy/thiết bị KA100,9,9,0,9795585,9621377,174208,783646,769711,13935,10579231,10391088,188143,"Kỳ AMIS theo ngày chứng từ; kỳ meInvoice theo ngày HĐ gốc, chưa phải cùng ngày bán"
2025-05,Máy/thiết bị KA150,1146,1191,0,1394671213,1423402163,-28730950,111573545,113872162,-2298617,1506244758,1537274325,-31029567,"Kỳ AMIS theo ngày chứng từ; kỳ meInvoice theo ngày HĐ gốc, chưa phải cùng ngày bán"
2025-05,Máy/thiết bị KA350,698,732,0,1271919543,1475660805,-203741262,101753514,118052831,-16299317,1373673057,1593713636,-220040579,"Kỳ AMIS theo ngày chứng từ; kỳ meInvoice theo ngày HĐ gốc, chưa phải cùng ngày bán"
2025-05,Máy/thiết bị KA600,527,530,0,1281169186,1349357822,-68188636,102493590,107948654,-5455064,1383662776,1457306476,-73643700,"Kỳ AMIS theo ngày chứng từ; kỳ meInvoice theo ngày HĐ gốc, chưa phải cùng ngày bán"
2025-05,Máy/thiết bị KA800,43,43,0,158441620,169032229,-10590609,12675332,13522581,-847249,171116952,182554810,-11437858,"Kỳ AMIS theo ngày chứng từ; kỳ meInvoice theo ngày HĐ gốc, chưa phải cùng ngày bán"
2025-05,Máy/thiết bị KH100,163,148,0,72730797,73089359,-358562,5818473,5847161,-28688,78549270,78936520,-387250,"Kỳ AMIS theo ngày chứng từ; kỳ meInvoice theo ngày HĐ gốc, chưa phải cùng ngày bán"
2025-05,Máy/thiết bị KH200,1704,1734,0,947570091,1085260337,-137690246,75805200,86820829,-11015629,1023375291,1172081166,-148705875,"Kỳ AMIS theo ngày chứng từ; kỳ meInvoice theo ngày HĐ gốc, chưa phải cùng ngày bán"
2025-05,Máy/thiết bị KM002,319,102,0,59035755,16603690,42432065,4722866,1328282,3394584,63758621,17931972,45826649,"Kỳ AMIS theo ngày chứng từ; kỳ meInvoice theo ngày HĐ gốc, chưa phải cùng ngày bán"
2025-05,Máy/thiết bị KM003,320,117,0,76427804,27169732,49258072,6114314,2173588,3940726,82542118,29343320,53198798,"Kỳ AMIS theo ngày chứng từ; kỳ meInvoice theo ngày HĐ gốc, chưa phải cùng ngày bán"
2025-05,Máy/thiết bị KM200,1,0,0,138889,0,138889,11111,0,11111,150000,0,150000,"Kỳ AMIS theo ngày chứng từ; kỳ meInvoice theo ngày HĐ gốc, chưa phải cùng ngày bán"
2025-05,Máy/thiết bị KM300,844,895,0,385543901,445999258,-60455357,30843494,35679992,-4836498,416387395,481679250,-65291855,"Kỳ AMIS theo ngày chứng từ; kỳ meInvoice theo ngày HĐ gốc, chưa phải cùng ngày bán"
2025-05,Máy/thiết bị KM420,35,39,0,14279380,15750076,-1470696,1142351,1259995,-117644,15421731,17010071,-1588340,"Kỳ AMIS theo ngày chứng từ; kỳ meInvoice theo ngày HĐ gốc, chưa phải cùng ngày bán"
2025-05,Máy/thiết bị KM430,27,29,0,13428202,14339995,-911793,1074259,1147202,-72943,14502461,15487197,-984736,"Kỳ AMIS theo ngày chứng từ; kỳ meInvoice theo ngày HĐ gốc, chưa phải cùng ngày bán"
2025-05,Máy/thiết bị KM440,51,57,0,30086053,34313301,-4227248,2406875,2745057,-338182,32492928,37058358,-4565430,"Kỳ AMIS theo ngày chứng từ; kỳ meInvoice theo ngày HĐ gốc, chưa phải cùng ngày bán"
2025-06,CHƯA PHÂN BỔ SẢN PHẨM,0,,480,0,-1120370,1120370,0,-89630,89630,0,-1210000,1210000,Chưa đủ căn cứ so sánh sản phẩm/kỳ; Có khoản chưa xác định lượng
2025-06,CHƯA XÁC ĐỊNH MODEL,23,89,0,14113498,151867997,-137754499,1129080,12149433,-11020353,15242578,164017430,-148774852,Chưa đủ căn cứ so sánh sản phẩm/kỳ
2025-06,Lõi lọc KA150,56,37,0,23684261,17033901,6650360,1894738,1362712,532026,25578999,18396613,7182386,"Kỳ AMIS theo ngày chứng từ; kỳ meInvoice theo ngày HĐ gốc, chưa phải cùng ngày bán"
2025-06,Lõi lọc KA350,320,197,0,186054282,93515575,92538707,14884360,7481266,7403094,200938642,100996841,99941801,"Kỳ AMIS theo ngày chứng từ; kỳ meInvoice theo ngày HĐ gốc, chưa phải cùng ngày bán"
2025-06,Lõi lọc KA600,366,114,0,194061775,56997255,137064520,15525013,4559797,10965216,209586788,61557052,148029736,"Kỳ AMIS theo ngày chứng từ; kỳ meInvoice theo ngày HĐ gốc, chưa phải cùng ngày bán"
2025-06,Lõi lọc KA800,3,3,0,787559,1755556,-967997,63004,140444,-77440,850563,1896000,-1045437,"Kỳ AMIS theo ngày chứng từ; kỳ meInvoice theo ngày HĐ gốc, chưa phải cùng ngày bán"
2025-06,Máy/thiết bị KA100,4,3,0,4681894,3534259,1147635,374552,282741,91811,5056446,3817000,1239446,"Kỳ AMIS theo ngày chứng từ; kỳ meInvoice theo ngày HĐ gốc, chưa phải cùng ngày bán"
2025-06,Máy/thiết bị KA150,1216,1260,0,1440418014,1456907648,-16489634,115233426,116552579,-1319153,1555651440,1573460227,-17808787,"Kỳ AMIS theo ngày chứng từ; kỳ meInvoice theo ngày HĐ gốc, chưa phải cùng ngày bán"
2025-06,Máy/thiết bị KA350,682,1008,0,1260137377,1910207214,-650069837,100810918,153103857,-52292939,1360948295,2063311071,-702362776,"Kỳ AMIS theo ngày chứng từ; kỳ meInvoice theo ngày HĐ gốc, chưa phải cùng ngày bán"
2025-06,Máy/thiết bị KA600,453,560,0,1029372646,1428624383,-399251737,82349802,114290000,-31940198,1111722448,1542914383,-431191935,"Kỳ AMIS theo ngày chứng từ; kỳ meInvoice theo ngày HĐ gốc, chưa phải cùng ngày bán"
2025-06,Máy/thiết bị KA800,37,38,0,136848443,145319681,-8471238,10947879,11625577,-677698,147796322,156945258,-9148936,"Kỳ AMIS theo ngày chứng từ; kỳ meInvoice theo ngày HĐ gốc, chưa phải cùng ngày bán"
2025-06,Máy/thiết bị KH100,281,293,0,134317049,145461877,-11144828,10745389,11636980,-891591,145062438,157098857,-12036419,"Kỳ AMIS theo ngày chứng từ; kỳ meInvoice theo ngày HĐ gốc, chưa phải cùng ngày bán"
2025-06,Máy/thiết bị KH200,2344,2295,0,1405665219,1423802923,-18137704,112452759,113903766,-1451007,1518117978,1537706689,-19588711,"Kỳ AMIS theo ngày chứng từ; kỳ meInvoice theo ngày HĐ gốc, chưa phải cùng ngày bán"
2025-06,Máy/thiết bị KM002,136,144,0,22588894,23696673,-1107779,1807088,1895710,-88622,24395982,25592383,-1196401,"Kỳ AMIS theo ngày chứng từ; kỳ meInvoice theo ngày HĐ gốc, chưa phải cùng ngày bán"
2025-06,Máy/thiết bị KM003,278,279,0,61110617,63580341,-2469724,4888920,5086500,-197580,65999537,68666841,-2667304,"Kỳ AMIS theo ngày chứng từ; kỳ meInvoice theo ngày HĐ gốc, chưa phải cùng ngày bán"
2025-06,Máy/thiết bị KM300,1052,1073,0,510698352,528058381,-17360029,40855934,42244745,-1388811,551554286,570303126,-18748840,"Kỳ AMIS theo ngày chứng từ; kỳ meInvoice theo ngày HĐ gốc, chưa phải cùng ngày bán"
2025-06,Máy/thiết bị KM420,96,98,0,39003139,39778771,-775632,3120263,3182311,-62048,42123402,42961082,-837680,"Kỳ AMIS theo ngày chứng từ; kỳ meInvoice theo ngày HĐ gốc, chưa phải cùng ngày bán"
2025-06,Máy/thiết bị KM430,59,57,0,29244910,27712363,1532547,2339592,2216990,122602,31584502,29929353,1655149,"Kỳ AMIS theo ngày chứng từ; kỳ meInvoice theo ngày HĐ gốc, chưa phải cùng ngày bán"
2025-06,Máy/thiết bị KM440,62,64,0,39099233,39223099,-123866,3127933,3137841,-9908,42227166,42360940,-133774,"Kỳ AMIS theo ngày chứng từ; kỳ meInvoice theo ngày HĐ gốc, chưa phải cùng ngày bán"
CHƯA XÁC ĐỊNH KỲ,CHƯA PHÂN BỔ SẢN PHẨM,0,,296,0,368137907,-368137907,0,29846818,-29846818,0,397984725,-397984725,Chưa đủ căn cứ so sánh sản phẩm/kỳ; Có khoản chưa xác định lượng
CHƯA XÁC ĐỊNH KỲ,CHƯA XÁC ĐỊNH MODEL,0,3,0,0,2931944,-2931944,0,234556,-234556,0,3166500,-3166500,Chưa đủ căn cứ so sánh sản phẩm/kỳ
CHƯA XÁC ĐỊNH KỲ,Lõi lọc KA350,0,11,0,0,5221981,-5221981,0,417760,-417760,0,5639741,-5639741,Chưa đủ căn cứ so sánh sản phẩm/kỳ
CHƯA XÁC ĐỊNH KỲ,Lõi lọc KA600,0,3,0,0,2129629,-2129629,0,170371,-170371,0,2300000,-2300000,Chưa đủ căn cứ so sánh sản phẩm/kỳ
CHƯA XÁC ĐỊNH KỲ,Máy/thiết bị KA150,0,3,0,0,5351818,-5351818,0,535182,-535182,0,5887000,-5887000,Chưa đủ căn cứ so sánh sản phẩm/kỳ
CHƯA XÁC ĐỊNH KỲ,Máy/thiết bị KA350,0,101,0,0,203461478,-203461478,0,17534866,-17534866,0,220996344,-220996344,Chưa đủ căn cứ so sánh sản phẩm/kỳ
CHƯA XÁC ĐỊNH KỲ,Máy/thiết bị KA600,0,24,0,0,64573510,-64573510,0,5290931,-5290931,0,69864441,-69864441,Chưa đủ căn cứ so sánh sản phẩm/kỳ
