Nguồn,Tháng/kỳ,Kênh nhận diện từ tên khách hàng,Họ model,Số lượng biết được,Số khoản thiếu lượng,Doanh thu,Thuế,Thanh toán
AMIS,2024-01,Khác/chưa xác định kênh,CHƯA XÁC ĐỊNH MODEL,6,0,3656728,292538,3949266
AMIS,2024-01,Khác/chưa xác định kênh,Lõi lọc KA350,3,0,1369031,109523,1478554
AMIS,2024-01,Khác/chưa xác định kênh,Lõi lọc KA600,13,0,6188563,495086,6683649
AMIS,2024-01,Khác/chưa xác định kênh,Máy/thiết bị KA150,2,0,1878817,150305,2029122
AMIS,2024-01,Khác/chưa xác định kênh,Máy/thiết bị KA350,3,0,4875285,390023,5265308
AMIS,2024-01,Khác/chưa xác định kênh,Máy/thiết bị KA600,12,0,22219324,1777547,23996871
AMIS,2024-01,Lazada,CHƯA XÁC ĐỊNH MODEL,2,0,1830988,146479,1977467
AMIS,2024-01,Lazada,Lõi lọc KA150,2,0,813311,65065,878376
AMIS,2024-01,Lazada,Lõi lọc KA350,8,0,3852660,308213,4160873
AMIS,2024-01,Lazada,Lõi lọc KA600,3,0,1396694,111736,1508430
AMIS,2024-01,Lazada,Máy/thiết bị KA150,11,0,9951703,796136,10747839
AMIS,2024-01,Lazada,Máy/thiết bị KA350,26,0,41127722,3290220,44417942
AMIS,2024-01,Lazada,Máy/thiết bị KA600,7,0,15017825,1201428,16219253
AMIS,2024-01,Shopee,CHƯA XÁC ĐỊNH MODEL,32,0,17107602,1368609,18476211
AMIS,2024-01,Shopee,Lõi lọc KA150,18,0,6065483,485240,6550723
AMIS,2024-01,Shopee,Lõi lọc KA350,76,0,35680861,2854471,38535332
AMIS,2024-01,Shopee,Lõi lọc KA600,96,0,51109061,4088740,55197801
AMIS,2024-01,Shopee,Máy/thiết bị KA100,3,0,2711913,216954,2928867
AMIS,2024-01,Shopee,Máy/thiết bị KA150,120,0,115177004,9214162,124391166
AMIS,2024-01,Shopee,Máy/thiết bị KA350,236,0,410507648,32840643,443348291
AMIS,2024-01,Shopee,Máy/thiết bị KA600,135,0,296898737,23751872,320650609
AMIS,2024-01,TikTok,CHƯA XÁC ĐỊNH MODEL,61,0,22572833,1805831,24378664
AMIS,2024-01,TikTok,Lõi lọc KA150,13,0,4475746,358060,4833806
AMIS,2024-01,TikTok,Lõi lọc KA350,363,0,158437841,12675032,171112873
AMIS,2024-01,TikTok,Lõi lọc KA600,130,0,70309268,5624753,75934021
AMIS,2024-01,TikTok,Máy/thiết bị KA100,8,0,8047510,643801,8691311
AMIS,2024-01,TikTok,Máy/thiết bị KA150,386,0,374983497,29998644,404982141
AMIS,2024-01,TikTok,Máy/thiết bị KA350,1036,0,1633943513,130715539,1764659052
AMIS,2024-01,TikTok,Máy/thiết bị KA600,164,0,352554666,28204384,380759050
AMIS,2024-02,Khác/chưa xác định kênh,CHƯA XÁC ĐỊNH MODEL,11,0,4723380,377871,5101251
AMIS,2024-02,Khác/chưa xác định kênh,Lõi lọc KA150,2,0,701448,56116,757564
AMIS,2024-02,Khác/chưa xác định kênh,Lõi lọc KA350,1,0,509259,40741,550000
AMIS,2024-02,Khác/chưa xác định kênh,Lõi lọc KA600,1,0,509259,40741,550000
AMIS,2024-02,Khác/chưa xác định kênh,Máy/thiết bị KA100,2,0,2251796,180144,2431940
AMIS,2024-02,Khác/chưa xác định kênh,Máy/thiết bị KA150,7,0,6381233,510498,6891731
AMIS,2024-02,Khác/chưa xác định kênh,Máy/thiết bị KA350,5,0,9346032,747682,10093714
AMIS,2024-02,Khác/chưa xác định kênh,Máy/thiết bị KA600,2,0,5413889,433111,5847000
AMIS,2024-02,Lazada,Lõi lọc KA350,5,0,2409310,192745,2602055
AMIS,2024-02,Lazada,Lõi lọc KA600,3,0,1629212,130337,1759549
AMIS,2024-02,Lazada,Máy/thiết bị KA150,1,0,1010040,80803,1090843
AMIS,2024-02,Lazada,Máy/thiết bị KA350,20,0,34040342,2723229,36763571
AMIS,2024-02,Lazada,Máy/thiết bị KA600,7,0,16069047,1285525,17354572
AMIS,2024-02,Shopee,CHƯA XÁC ĐỊNH MODEL,8,0,7974074,637926,8612000
AMIS,2024-02,Shopee,Lõi lọc KA150,30,0,10891348,871307,11762655
AMIS,2024-02,Shopee,Lõi lọc KA350,32,0,17619131,1409529,19028660
AMIS,2024-02,Shopee,Lõi lọc KA600,20,0,12065779,965264,13031043
AMIS,2024-02,Shopee,Máy/thiết bị KA150,111,0,121844283,9747535,131591818
AMIS,2024-02,Shopee,Máy/thiết bị KA350,160,0,325263162,26021073,351284235
AMIS,2024-02,Shopee,Máy/thiết bị KA600,43,0,114692211,9175378,123867589
AMIS,2024-02,TikTok,CHƯA XÁC ĐỊNH MODEL,35,0,5898939,471915,6370854
AMIS,2024-02,TikTok,Lõi lọc KA150,22,0,8049569,643968,8693537
AMIS,2024-02,TikTok,Lõi lọc KA350,31,0,16792405,1343391,18135796
AMIS,2024-02,TikTok,Lõi lọc KA600,4,0,2278199,182256,2460455
AMIS,2024-02,TikTok,Máy/thiết bị KA100,5,0,4524243,361939,4886182
AMIS,2024-02,TikTok,Máy/thiết bị KA150,265,0,295482359,23638531,319120890
AMIS,2024-02,TikTok,Máy/thiết bị KA350,338,0,660030081,52802405,712832486
AMIS,2024-02,TikTok,Máy/thiết bị KA600,40,0,108282474,8662600,116945074
AMIS,2024-03,Khác/chưa xác định kênh,CHƯA XÁC ĐỊNH MODEL,4,0,1075926,86074,1162000
AMIS,2024-03,Khác/chưa xác định kênh,Lõi lọc KA350,4,0,1740379,139230,1879609
AMIS,2024-03,Khác/chưa xác định kênh,Máy/thiết bị KA100,2,0,1851852,148148,2000000
AMIS,2024-03,Khác/chưa xác định kênh,Máy/thiết bị KA150,1,0,1735185,138815,1874000
AMIS,2024-03,Khác/chưa xác định kênh,Máy/thiết bị KA350,29,0,50107761,4008620,54116381
AMIS,2024-03,Khác/chưa xác định kênh,Máy/thiết bị KA600,1,0,494444,39556,534000
AMIS,2024-03,Lazada,CHƯA XÁC ĐỊNH MODEL,3,0,1444195,115536,1559731
AMIS,2024-03,Lazada,Lõi lọc KA350,9,0,3816800,305346,4122146
AMIS,2024-03,Lazada,Lõi lọc KA600,1,0,481481,38519,520000
AMIS,2024-03,Lazada,Máy/thiết bị KA150,2,0,1850243,148019,1998262
AMIS,2024-03,Lazada,Máy/thiết bị KA350,18,0,26145868,2091667,28237535
AMIS,2024-03,Shopee,CHƯA XÁC ĐỊNH MODEL,42,0,29687038,2374967,32062005
AMIS,2024-03,Shopee,Lõi lọc KA150,4,0,1526305,122104,1648409
AMIS,2024-03,Shopee,Lõi lọc KA350,144,0,71954749,5756376,77711125
AMIS,2024-03,Shopee,Lõi lọc KA600,4,0,2081320,166506,2247826
AMIS,2024-03,Shopee,Máy/thiết bị KA150,31,0,38146282,3051702,41197984
AMIS,2024-03,Shopee,Máy/thiết bị KA350,346,0,658854256,52708395,711562651
AMIS,2024-03,Shopee,Máy/thiết bị KA600,12,0,36011115,2880885,38892000
AMIS,2024-03,TikTok,CHƯA XÁC ĐỊNH MODEL,182,0,105157730,8412581,113570311
AMIS,2024-03,TikTok,Lõi lọc KA150,1,0,380292,30423,410715
AMIS,2024-03,TikTok,Lõi lọc KA350,169,0,80912800,6473029,87385829
AMIS,2024-03,TikTok,Lõi lọc KA600,6,0,3101852,248148,3350000
AMIS,2024-03,TikTok,Máy/thiết bị KA100,1,0,1086760,86941,1173701
AMIS,2024-03,TikTok,Máy/thiết bị KA150,353,0,334097182,26727765,360824947
AMIS,2024-03,TikTok,Máy/thiết bị KA350,579,0,1068549366,85484056,1154033422
AMIS,2024-03,TikTok,Máy/thiết bị KA600,9,0,27925000,2234000,30159000
AMIS,2024-04,Khác/chưa xác định kênh,CHƯA XÁC ĐỊNH MODEL,60,0,32764321,2621146,35385467
AMIS,2024-04,Khác/chưa xác định kênh,Lõi lọc KA150,9,0,4959258,396740,5355998
AMIS,2024-04,Khác/chưa xác định kênh,Lõi lọc KA350,4,0,2827410,226193,3053603
AMIS,2024-04,Khác/chưa xác định kênh,Lõi lọc KA600,1,0,555556,44444,600000
AMIS,2024-04,Khác/chưa xác định kênh,Máy/thiết bị KA150,2,0,1536693,122936,1659629
AMIS,2024-04,Khác/chưa xác định kênh,Máy/thiết bị KA350,57,0,92916084,7433286,100349370
AMIS,2024-04,Khác/chưa xác định kênh,Máy/thiết bị KA600,2,0,6600926,528074,7129000
AMIS,2024-04,Lazada,CHƯA XÁC ĐỊNH MODEL,3,0,85411,6833,92244
AMIS,2024-04,Lazada,Lõi lọc KA350,6,0,2631399,210512,2841911
AMIS,2024-04,Lazada,Lõi lọc KA600,4,0,1964254,157141,2121395
AMIS,2024-04,Lazada,Máy/thiết bị KA100,1,0,965515,77241,1042756
AMIS,2024-04,Lazada,Máy/thiết bị KA150,3,0,3264981,261198,3526179
AMIS,2024-04,Lazada,Máy/thiết bị KA350,10,0,15401889,1232152,16634041
AMIS,2024-04,Lazada,Máy/thiết bị KA600,1,0,1830029,146402,1976431
AMIS,2024-04,Shopee,CHƯA XÁC ĐỊNH MODEL,82,0,30362873,2429026,32791899
AMIS,2024-04,Shopee,Lõi lọc KA150,18,0,6601935,528153,7130088
AMIS,2024-04,Shopee,Lõi lọc KA350,281,0,128648147,10291839,138939986
AMIS,2024-04,Shopee,Lõi lọc KA600,87,0,45551692,3644148,49195840
AMIS,2024-04,Shopee,Máy/thiết bị KA100,6,0,5668194,453458,6121652
AMIS,2024-04,Shopee,Máy/thiết bị KA150,96,0,107121339,8569715,115691054
AMIS,2024-04,Shopee,Máy/thiết bị KA350,399,0,651073332,52085945,703159277
AMIS,2024-04,Shopee,Máy/thiết bị KA600,134,0,303266870,24261334,327528204
AMIS,2024-04,TikTok,CHƯA XÁC ĐỊNH MODEL,51,0,24175458,1858301,26033759
AMIS,2024-04,TikTok,Lõi lọc KA150,19,0,7413282,593061,8006343
AMIS,2024-04,TikTok,Lõi lọc KA350,788,0,345345132,27627705,372972837
AMIS,2024-04,TikTok,Lõi lọc KA600,191,0,99657908,7972666,107630574
AMIS,2024-04,TikTok,Máy/thiết bị KA100,3,0,2731323,218507,2949830
AMIS,2024-04,TikTok,Máy/thiết bị KA150,852,0,765776003,61262153,827038156
AMIS,2024-04,TikTok,Máy/thiết bị KA350,1163,0,1693884539,135510798,1829395337
AMIS,2024-04,TikTok,Máy/thiết bị KA600,237,0,501788299,40143023,541931322
AMIS,2024-05,Khác/chưa xác định kênh,CHƯA XÁC ĐỊNH MODEL,3,0,416667,33333,450000
AMIS,2024-05,Khác/chưa xác định kênh,Lõi lọc KA350,4,0,1825000,146000,1971000
AMIS,2024-05,Khác/chưa xác định kênh,Lõi lọc KA600,7,0,3665280,293222,3958502
AMIS,2024-05,Khác/chưa xác định kênh,Máy/thiết bị KA100,2,0,1666667,133333,1800000
AMIS,2024-05,Khác/chưa xác định kênh,Máy/thiết bị KA150,8,0,8799075,703925,9503000
AMIS,2024-05,Khác/chưa xác định kênh,Máy/thiết bị KA350,12,0,20642224,1651378,22293602
AMIS,2024-05,Khác/chưa xác định kênh,Máy/thiết bị KA600,11,0,24762135,1980971,26743106
AMIS,2024-05,Khác/chưa xác định kênh,Máy/thiết bị KM300,1,0,350926,28074,379000
AMIS,2024-05,Lazada,CHƯA XÁC ĐỊNH MODEL,5,0,2058001,164641,2222642
AMIS,2024-05,Lazada,Lõi lọc KA350,6,0,2648146,211852,2859998
AMIS,2024-05,Lazada,Máy/thiết bị KA100,1,0,1110980,88878,1199858
AMIS,2024-05,Lazada,Máy/thiết bị KA150,3,0,3011799,240944,3252743
AMIS,2024-05,Lazada,Máy/thiết bị KA350,7,0,10504504,840361,11344865
AMIS,2024-05,Lazada,Máy/thiết bị KA600,1,0,2524172,201934,2726106
AMIS,2024-05,Shopee,CHƯA XÁC ĐỊNH MODEL,29,0,16847802,1347822,18195624
AMIS,2024-05,Shopee,Lõi lọc KA150,24,0,8317261,665378,8982639
AMIS,2024-05,Shopee,Lõi lọc KA350,216,0,100086381,8006915,108093296
AMIS,2024-05,Shopee,Lõi lọc KA600,35,0,19611425,1568917,21180342
AMIS,2024-05,Shopee,Máy/thiết bị KA100,2,0,1958568,156686,2115254
AMIS,2024-05,Shopee,Máy/thiết bị KA150,144,0,147620326,11809633,159429959
AMIS,2024-05,Shopee,Máy/thiết bị KA350,293,0,481790645,38543318,520333963
AMIS,2024-05,Shopee,Máy/thiết bị KA600,54,0,138689575,11095171,149784746
AMIS,2024-05,Shopee,Máy/thiết bị KM100,9,0,1491554,119326,1610880
AMIS,2024-05,Shopee,Máy/thiết bị KM200,9,0,2221988,177759,2399747
AMIS,2024-05,Shopee,Máy/thiết bị KM300,43,0,15177783,1214217,16392000
AMIS,2024-05,TikTok,CHƯA XÁC ĐỊNH MODEL,32,0,6800967,435551,7236518
AMIS,2024-05,TikTok,Lõi lọc KA150,20,0,7512299,600983,8113282
AMIS,2024-05,TikTok,Lõi lọc KA350,466,0,204083164,16326679,220409843
AMIS,2024-05,TikTok,Lõi lọc KA600,24,0,12758865,1020708,13779573
AMIS,2024-05,TikTok,Máy/thiết bị KA100,6,0,5474089,437927,5912016
AMIS,2024-05,TikTok,Máy/thiết bị KA150,943,0,883831009,70706518,954537527
AMIS,2024-05,TikTok,Máy/thiết bị KA350,736,0,1107298613,88584058,1195882671
AMIS,2024-05,TikTok,Máy/thiết bị KA600,32,0,77467469,6197398,83664867
AMIS,2024-05,TikTok,Máy/thiết bị KM100,37,0,6469049,517523,6986572
AMIS,2024-05,TikTok,Máy/thiết bị KM200,27,0,6974998,558002,7533000
AMIS,2024-05,TikTok,Máy/thiết bị KM300,49,0,19867115,1589375,21456490
AMIS,2024-06,Khác/chưa xác định kênh,CHƯA XÁC ĐỊNH MODEL,3,0,416667,33333,450000
AMIS,2024-06,Khác/chưa xác định kênh,Lõi lọc KA150,1,0,434941,34795,469736
AMIS,2024-06,Khác/chưa xác định kênh,Lõi lọc KA350,4,0,1500944,120076,1621020
AMIS,2024-06,Khác/chưa xác định kênh,Lõi lọc KA600,16,0,6435417,514832,6950249
AMIS,2024-06,Khác/chưa xác định kênh,Máy/thiết bị KA350,2,0,4850771,388061,5238832
AMIS,2024-06,Khác/chưa xác định kênh,Máy/thiết bị KA600,7,0,13610382,1088831,14699213
AMIS,2024-06,Lazada,CHƯA XÁC ĐỊNH MODEL,2,0,1943565,155485,2099050
AMIS,2024-06,Lazada,Lõi lọc KA350,6,0,2654151,212333,2866484
AMIS,2024-06,Lazada,Máy/thiết bị KA150,2,0,1814448,145156,1959604
AMIS,2024-06,Lazada,Máy/thiết bị KA350,5,0,8348968,667916,9016884
AMIS,2024-06,Lazada,Máy/thiết bị KM200,1,0,262083,20967,283050
AMIS,2024-06,Shopee,CHƯA XÁC ĐỊNH MODEL,27,0,14116611,1129331,15245942
AMIS,2024-06,Shopee,Lõi lọc KA150,23,0,7562127,604969,8167096
AMIS,2024-06,Shopee,Lõi lọc KA350,173,0,81452588,6516204,87968792
AMIS,2024-06,Shopee,Lõi lọc KA600,51,0,27730615,2218447,29949062
AMIS,2024-06,Shopee,Máy/thiết bị KA100,2,0,3914689,313176,4227865
AMIS,2024-06,Shopee,Máy/thiết bị KA150,298,0,271707154,21736579,293443733
AMIS,2024-06,Shopee,Máy/thiết bị KA350,252,0,413746907,33099802,446846709
AMIS,2024-06,Shopee,Máy/thiết bị KA600,51,0,115259088,9220713,124479801
AMIS,2024-06,Shopee,Máy/thiết bị KM100,21,0,3858969,308723,4167692
AMIS,2024-06,Shopee,Máy/thiết bị KM200,16,0,4920650,393658,5314308
AMIS,2024-06,TikTok,CHƯA XÁC ĐỊNH MODEL,10,0,941217,75297,1016514
AMIS,2024-06,TikTok,Lõi lọc KA150,17,0,6967380,557389,7524769
AMIS,2024-06,TikTok,Lõi lọc KA350,558,0,246683778,19734615,266418393
AMIS,2024-06,TikTok,Lõi lọc KA600,93,0,49838890,3987134,53826024
AMIS,2024-06,TikTok,Máy/thiết bị KA100,4,0,3607671,288615,3896286
AMIS,2024-06,TikTok,Máy/thiết bị KA150,1123,0,1034028406,82722609,1116751015
AMIS,2024-06,TikTok,Máy/thiết bị KA350,1002,0,1517714853,121417208,1639132061
AMIS,2024-06,TikTok,Máy/thiết bị KA600,117,0,257687963,20615006,278302969
AMIS,2024-06,TikTok,Máy/thiết bị KM100,-2,0,-350000,-28000,-378000
AMIS,2024-06,TikTok,Máy/thiết bị KM200,58,0,16354632,1308368,17663000
AMIS,2024-06,TikTok,Máy/thiết bị KM300,2,0,1230498,98440,1328938
AMIS,2024-07,Khác/chưa xác định kênh,CHƯA XÁC ĐỊNH MODEL,7,0,3627777,290223,3918000
AMIS,2024-07,Khác/chưa xác định kênh,Lõi lọc KA350,1,0,359317,28745,388062
AMIS,2024-07,Khác/chưa xác định kênh,Lõi lọc KA600,1,0,509259,40741,550000
AMIS,2024-07,Khác/chưa xác định kênh,Máy/thiết bị KA150,1,0,739815,59185,799000
AMIS,2024-07,Khác/chưa xác định kênh,Máy/thiết bị KA350,61,0,90161322,7212906,97374228
AMIS,2024-07,Khác/chưa xác định kênh,Máy/thiết bị KA600,1,0,2638889,211111,2850000
AMIS,2024-07,Khác/chưa xác định kênh,Máy/thiết bị KM300,5,0,1756704,140536,1897240
AMIS,2024-07,Lazada,CHƯA XÁC ĐỊNH MODEL,1,0,975926,78074,1054000
AMIS,2024-07,Lazada,Lõi lọc KA350,2,0,969907,77593,1047500
AMIS,2024-07,Lazada,Lõi lọc KA600,1,0,507103,40568,547671
AMIS,2024-07,Lazada,Máy/thiết bị KA150,8,0,7445957,595675,8041632
AMIS,2024-07,Lazada,Máy/thiết bị KA350,1,0,1714815,137185,1852000
AMIS,2024-07,Lazada,Máy/thiết bị KA600,1,0,1926991,154159,2081150
AMIS,2024-07,Lazada,Máy/thiết bị KM100,6,0,1051295,84106,1135401
AMIS,2024-07,Lazada,Máy/thiết bị KM200,2,0,524166,41934,566100
AMIS,2024-07,Lazada,Máy/thiết bị KM300,1,0,419877,33590,453467
AMIS,2024-07,Shopee,CHƯA XÁC ĐỊNH MODEL,23,0,11746145,939691,12685836
AMIS,2024-07,Shopee,Lõi lọc KA150,21,0,7327409,586188,7913597
AMIS,2024-07,Shopee,Lõi lọc KA350,132,0,62698622,5015887,67714509
AMIS,2024-07,Shopee,Lõi lọc KA600,55,0,29479983,2358406,31838389
AMIS,2024-07,Shopee,Máy/thiết bị KA100,2,0,2204031,176323,2380354
AMIS,2024-07,Shopee,Máy/thiết bị KA150,217,0,209487101,16758985,226246086
AMIS,2024-07,Shopee,Máy/thiết bị KA350,200,0,335133603,26810669,361944272
AMIS,2024-07,Shopee,Máy/thiết bị KA600,88,0,208254824,16660370,224915194
AMIS,2024-07,Shopee,Máy/thiết bị KM100,38,0,6742393,539395,7281788
AMIS,2024-07,Shopee,Máy/thiết bị KM200,21,0,5552126,444172,5996298
AMIS,2024-07,Shopee,Máy/thiết bị KM300,69,0,28645991,2291686,30937677
AMIS,2024-07,TikTok,CHƯA XÁC ĐỊNH MODEL,14,0,4976516,398122,5374638
AMIS,2024-07,TikTok,Lõi lọc KA150,25,0,8880581,710447,9591028
AMIS,2024-07,TikTok,Lõi lọc KA350,406,0,180881834,14470478,195352312
AMIS,2024-07,TikTok,Lõi lọc KA600,178,0,96255634,7700481,103956115
AMIS,2024-07,TikTok,Máy/thiết bị KA100,3,0,3244624,259571,3504195
AMIS,2024-07,TikTok,Máy/thiết bị KA150,1156,0,1101558612,88124754,1189683366
AMIS,2024-07,TikTok,Máy/thiết bị KA350,1020,0,1615888625,129270944,1745159569
AMIS,2024-07,TikTok,Máy/thiết bị KA600,265,0,600034631,48002740,648037371
AMIS,2024-07,TikTok,Máy/thiết bị KM100,19,0,1936705,154939,2091644
AMIS,2024-07,TikTok,Máy/thiết bị KM200,60,0,15569596,1245563,16815159
AMIS,2024-07,TikTok,Máy/thiết bị KM300,100,0,45134766,3610767,48745533
AMIS,2024-08,Khác/chưa xác định kênh,CHƯA XÁC ĐỊNH MODEL,3,0,1184259,94741,1279000
AMIS,2024-08,Khác/chưa xác định kênh,Lõi lọc KA350,1,0,509259,40741,550000
AMIS,2024-08,Khác/chưa xác định kênh,Lõi lọc KA600,3,0,1620370,129630,1750000
AMIS,2024-08,Khác/chưa xác định kênh,Máy/thiết bị KA350,53,0,80746419,6459712,87206131
AMIS,2024-08,Khác/chưa xác định kênh,Máy/thiết bị KA600,6,0,13500000,1080000,14580000
AMIS,2024-08,Khác/chưa xác định kênh,Máy/thiết bị KM200,2,0,314638,25171,339809
AMIS,2024-08,Khác/chưa xác định kênh,Máy/thiết bị KM300,7,0,3033798,242702,3276500
AMIS,2024-08,Lazada,Lõi lọc KA350,4,0,1842370,147390,1989760
AMIS,2024-08,Lazada,Lõi lọc KA600,5,0,2607423,208596,2816019
AMIS,2024-08,Lazada,Máy/thiết bị KA150,4,0,3883162,310653,4193815
AMIS,2024-08,Lazada,Máy/thiết bị KA350,5,0,7893456,631476,8524932
AMIS,2024-08,Lazada,Máy/thiết bị KA600,4,0,8850291,708022,9558313
AMIS,2024-08,Lazada,Máy/thiết bị KM100,4,0,718596,57489,776085
AMIS,2024-08,Lazada,Máy/thiết bị KM200,1,0,262083,20967,283050
AMIS,2024-08,Lazada,Máy/thiết bị KM300,1,0,410231,32819,443050
AMIS,2024-08,Shopee,CHƯA XÁC ĐỊNH MODEL,23,0,23760770,1900863,25661633
AMIS,2024-08,Shopee,Lõi lọc KA150,21,0,8230599,658447,8889046
AMIS,2024-08,Shopee,Lõi lọc KA350,178,0,83172775,6653809,89826584
AMIS,2024-08,Shopee,Lõi lọc KA600,103,0,55261441,4420935,59682376
AMIS,2024-08,Shopee,Máy/thiết bị KA150,256,0,272743262,21819462,294562724
AMIS,2024-08,Shopee,Máy/thiết bị KA350,267,0,444952225,35596171,480548396
AMIS,2024-08,Shopee,Máy/thiết bị KA600,133,0,299425201,23953993,323379194
AMIS,2024-08,Shopee,Máy/thiết bị KM100,99,0,17321576,1385727,18707303
AMIS,2024-08,Shopee,Máy/thiết bị KM200,83,0,22507690,1800618,24308308
AMIS,2024-08,Shopee,Máy/thiết bị KM300,92,0,39929952,3194384,43124336
AMIS,2024-08,TikTok,CHƯA XÁC ĐỊNH MODEL,27,0,4962492,397003,5359495
AMIS,2024-08,TikTok,Lõi lọc KA150,23,0,7610074,608805,8218879
AMIS,2024-08,TikTok,Lõi lọc KA350,415,0,184483491,14758672,199242163
AMIS,2024-08,TikTok,Lõi lọc KA600,197,0,105920185,8473645,114393830
AMIS,2024-08,TikTok,Máy/thiết bị KA100,4,0,3208074,256646,3464720
AMIS,2024-08,TikTok,Máy/thiết bị KA150,1047,0,1032012848,82561065,1114573913
AMIS,2024-08,TikTok,Máy/thiết bị KA350,879,0,1368793601,109503377,1478296978
AMIS,2024-08,TikTok,Máy/thiết bị KA600,293,0,659112521,52728966,711841487
AMIS,2024-08,TikTok,Máy/thiết bị KA800,4,0,15477776,1238224,16716000
AMIS,2024-08,TikTok,Máy/thiết bị KM100,141,0,4648711,371924,5020635
AMIS,2024-08,TikTok,Máy/thiết bị KM200,75,0,17495840,1399668,18895508
AMIS,2024-08,TikTok,Máy/thiết bị KM300,166,0,68988167,5519025,74507192
AMIS,2024-09,Khác/chưa xác định kênh,CHƯA XÁC ĐỊNH MODEL,1,0,138889,11111,150000
AMIS,2024-09,Khác/chưa xác định kênh,Lõi lọc KA150,1,0,462963,37037,500000
AMIS,2024-09,Khác/chưa xác định kênh,Lõi lọc KA350,7,0,3044640,243572,3288212
AMIS,2024-09,Khác/chưa xác định kênh,Lõi lọc KA600,4,0,2037037,162963,2200000
AMIS,2024-09,Khác/chưa xác định kênh,Lõi lọc KA800,2,0,845939,67675,913614
AMIS,2024-09,Khác/chưa xác định kênh,Máy/thiết bị KA150,10,0,11830195,946415,12776610
AMIS,2024-09,Khác/chưa xác định kênh,Máy/thiết bị KA350,10,0,15685888,1254871,16940759
AMIS,2024-09,Khác/chưa xác định kênh,Máy/thiết bị KA600,18,0,41405102,3312409,44717511
AMIS,2024-09,Khác/chưa xác định kênh,Máy/thiết bị KA800,2,0,6429138,514332,6943470
AMIS,2024-09,Khác/chưa xác định kênh,Máy/thiết bị KM200,3,0,371219,29697,400916
AMIS,2024-09,Khác/chưa xác định kênh,Máy/thiết bị KM300,7,0,2630591,210447,2841038
AMIS,2024-09,Lazada,Lõi lọc KA150,0,0,0,0,0
AMIS,2024-09,Lazada,Lõi lọc KA350,7,0,3113400,249072,3362472
AMIS,2024-09,Lazada,Lõi lọc KA600,5,0,2435039,194803,2629842
AMIS,2024-09,Lazada,Máy/thiết bị KA150,7,0,6961376,556911,7518287
AMIS,2024-09,Lazada,Máy/thiết bị KA350,4,0,6735316,538825,7274141
AMIS,2024-09,Lazada,Máy/thiết bị KA600,2,0,4375132,350010,4725142
AMIS,2024-09,Lazada,Máy/thiết bị KM100,2,0,318696,25496,344192
AMIS,2024-09,Lazada,Máy/thiết bị KM200,2,0,491806,39344,531150
AMIS,2024-09,Lazada,Máy/thiết bị KM300,2,0,796515,63722,860237
AMIS,2024-09,Shopee,CHƯA XÁC ĐỊNH MODEL,45,0,31109812,2488784,33598596
AMIS,2024-09,Shopee,Lõi lọc KA150,17,0,6421147,513690,6934837
AMIS,2024-09,Shopee,Lõi lọc KA350,199,0,92211163,7376887,99588050
AMIS,2024-09,Shopee,Lõi lọc KA600,93,0,49631309,3970523,53601832
AMIS,2024-09,Shopee,Lõi lọc KA800,2,0,935747,74860,1010607
AMIS,2024-09,Shopee,Máy/thiết bị KA100,2,0,2040025,163202,2203227
AMIS,2024-09,Shopee,Máy/thiết bị KA150,319,0,347256042,27780498,375036540
AMIS,2024-09,Shopee,Máy/thiết bị KA350,322,0,529596141,42367649,571963790
AMIS,2024-09,Shopee,Máy/thiết bị KA600,114,0,257027959,20562225,277590184
AMIS,2024-09,Shopee,Máy/thiết bị KA800,2,0,7173512,573881,7747393
AMIS,2024-09,Shopee,Máy/thiết bị KM100,77,0,13573988,1085923,14659911
AMIS,2024-09,Shopee,Máy/thiết bị KM200,100,0,26215335,2097243,28312578
AMIS,2024-09,Shopee,Máy/thiết bị KM300,127,0,53059892,4244813,57304705
AMIS,2024-09,TikTok,CHƯA XÁC ĐỊNH MODEL,46,0,18832720,1481075,20313795
AMIS,2024-09,TikTok,Lõi lọc KA150,38,0,12601155,1008092,13609247
AMIS,2024-09,TikTok,Lõi lọc KA350,650,0,286737656,22938986,309676642
AMIS,2024-09,TikTok,Lõi lọc KA600,211,0,113035904,9042924,122078828
AMIS,2024-09,TikTok,Lõi lọc KA800,5,0,2231955,178557,2410512
AMIS,2024-09,TikTok,Máy/thiết bị KA100,6,0,6069521,485562,6555083
AMIS,2024-09,TikTok,Máy/thiết bị KA150,839,0,856275754,68502082,924777836
AMIS,2024-09,TikTok,Máy/thiết bị KA350,1067,0,1581807598,126544541,1708352139
AMIS,2024-09,TikTok,Máy/thiết bị KA600,247,0,530105851,42408429,572514280
AMIS,2024-09,TikTok,Máy/thiết bị KA800,5,0,16962867,1357031,18319898
AMIS,2024-09,TikTok,Máy/thiết bị KM100,4,0,112632,9010,121642
AMIS,2024-09,TikTok,Máy/thiết bị KM200,11,0,3120369,249631,3370000
AMIS,2024-09,TikTok,Máy/thiết bị KM300,106,0,45563335,3645053,49208388
AMIS,2024-10,Khác/chưa xác định kênh,CHƯA XÁC ĐỊNH MODEL,4,0,1898148,151852,2050000
AMIS,2024-10,Khác/chưa xác định kênh,Lõi lọc KA350,4,0,2326248,186100,2512348
AMIS,2024-10,Khác/chưa xác định kênh,Lõi lọc KA600,3,0,1421901,113751,1535652
AMIS,2024-10,Khác/chưa xác định kênh,Lõi lọc KA800,2,0,899871,71990,971861
AMIS,2024-10,Khác/chưa xác định kênh,Máy/thiết bị KA150,1,0,888697,71096,959793
AMIS,2024-10,Khác/chưa xác định kênh,Máy/thiết bị KA350,3,0,5108334,408666,5517000
AMIS,2024-10,Khác/chưa xác định kênh,Máy/thiết bị KA600,1,0,4398148,351852,4750000
AMIS,2024-10,Khác/chưa xác định kênh,Máy/thiết bị KA800,2,0,6839018,547121,7386139
AMIS,2024-10,Khác/chưa xác định kênh,Máy/thiết bị KM300,10,0,840167,67213,907380
AMIS,2024-10,Lazada,Lõi lọc KA350,5,0,2214845,177187,2392032
AMIS,2024-10,Lazada,Lõi lọc KA600,4,0,1868292,149464,2017756
AMIS,2024-10,Lazada,Máy/thiết bị KA150,5,0,5430771,434461,5865232
AMIS,2024-10,Lazada,Máy/thiết bị KA350,4,0,5632481,450600,6083081
AMIS,2024-10,Lazada,Máy/thiết bị KM200,3,0,738055,59045,797100
AMIS,2024-10,Lazada,Máy/thiết bị KM300,5,0,2141992,171358,2313350
AMIS,2024-10,Shopee,CHƯA XÁC ĐỊNH MODEL,16,0,11354624,908371,12262995
AMIS,2024-10,Shopee,Lõi lọc KA150,9,0,3461195,276896,3738091
AMIS,2024-10,Shopee,Lõi lọc KA350,164,0,77267207,6181375,83448582
AMIS,2024-10,Shopee,Lõi lọc KA600,89,0,47928130,3834268,51762398
AMIS,2024-10,Shopee,Lõi lọc KA800,6,0,2800680,224053,3024733
AMIS,2024-10,Shopee,Máy/thiết bị KA100,1,0,1112343,88987,1201330
AMIS,2024-10,Shopee,Máy/thiết bị KA150,425,0,440608453,35248669,475857122
AMIS,2024-10,Shopee,Máy/thiết bị KA350,278,0,468706888,37496503,506203391
AMIS,2024-10,Shopee,Máy/thiết bị KA600,131,0,302837972,24227038,327065010
AMIS,2024-10,Shopee,Máy/thiết bị KA800,7,0,24285431,1942836,26228267
AMIS,2024-10,Shopee,Máy/thiết bị KM100,4,0,542512,43400,585912
AMIS,2024-10,Shopee,Máy/thiết bị KM200,85,0,21784003,1742744,23526747
AMIS,2024-10,Shopee,Máy/thiết bị KM300,341,0,41038953,3283069,44322022
AMIS,2024-10,TikTok,CHƯA XÁC ĐỊNH MODEL,14,0,6020854,481669,6502523
AMIS,2024-10,TikTok,Lõi lọc KA150,33,0,12371990,989759,13361749
AMIS,2024-10,TikTok,Lõi lọc KA350,434,0,192846744,15427709,208274453
AMIS,2024-10,TikTok,Lõi lọc KA600,120,0,63014122,5041151,68055273
AMIS,2024-10,TikTok,Lõi lọc KA800,13,0,5950320,476025,6426345
AMIS,2024-10,TikTok,Máy/thiết bị KA100,2,0,2129146,170331,2299477
AMIS,2024-10,TikTok,Máy/thiết bị KA150,1079,0,1089755916,87180481,1176936397
AMIS,2024-10,TikTok,Máy/thiết bị KA350,951,0,1481481220,118518395,1599999615
AMIS,2024-10,TikTok,Máy/thiết bị KA600,220,0,509637455,40771000,550408455
AMIS,2024-10,TikTok,Máy/thiết bị KA800,13,0,45865236,3669219,49534455
AMIS,2024-10,TikTok,Máy/thiết bị KM200,212,0,52014981,4161222,56176203
AMIS,2024-10,TikTok,Máy/thiết bị KM300,361,0,151413907,12113064,163526971
AMIS,2024-11,Khác/chưa xác định kênh,CHƯA XÁC ĐỊNH MODEL,2,0,1157407,92593,1250000
AMIS,2024-11,Khác/chưa xác định kênh,Lõi lọc KA150,1,0,333248,26660,359908
AMIS,2024-11,Khác/chưa xác định kênh,Lõi lọc KA350,12,0,5956067,476487,6432554
AMIS,2024-11,Khác/chưa xác định kênh,Lõi lọc KA600,1,0,1046051,83684,1129735
AMIS,2024-11,Khác/chưa xác định kênh,Lõi lọc KA800,2,0,608488,48678,657166
AMIS,2024-11,Khác/chưa xác định kênh,Máy/thiết bị KA100,1,0,1147222,91778,1239000
AMIS,2024-11,Khác/chưa xác định kênh,Máy/thiết bị KA150,3,0,3507550,280604,3788154
AMIS,2024-11,Khác/chưa xác định kênh,Máy/thiết bị KA350,32,0,43439949,3475195,46915144
AMIS,2024-11,Khác/chưa xác định kênh,Máy/thiết bị KA600,1,0,3974993,318000,4292993
AMIS,2024-11,Khác/chưa xác định kênh,Máy/thiết bị KA800,3,0,6183431,494675,6678106
AMIS,2024-11,Khác/chưa xác định kênh,Máy/thiết bị KM300,5,0,2217593,177407,2395000
AMIS,2024-11,Lazada,CHƯA XÁC ĐỊNH MODEL,1,0,962037,76963,1039000
AMIS,2024-11,Lazada,Lõi lọc KA350,4,0,1719631,137571,1857202
AMIS,2024-11,Lazada,Lõi lọc KA600,3,0,1490958,119277,1610235
AMIS,2024-11,Lazada,Máy/thiết bị KA150,5,0,5672593,453807,6126400
AMIS,2024-11,Lazada,Máy/thiết bị KA350,8,0,12746844,1019747,13766591
AMIS,2024-11,Shopee,CHƯA XÁC ĐỊNH MODEL,14,0,11836644,860532,12697176
AMIS,2024-11,Shopee,Lõi lọc KA150,21,0,7795134,623612,8418746
AMIS,2024-11,Shopee,Lõi lọc KA350,152,0,74275616,5942032,80217648
AMIS,2024-11,Shopee,Lõi lọc KA600,95,0,50517615,4041425,54559040
AMIS,2024-11,Shopee,Lõi lọc KA800,14,0,6104432,488354,6592786
AMIS,2024-11,Shopee,Máy/thiết bị KA150,396,0,444270107,35541587,479811694
AMIS,2024-11,Shopee,Máy/thiết bị KA350,244,0,424470484,33957622,458428106
AMIS,2024-11,Shopee,Máy/thiết bị KA600,109,0,245384110,19630728,265014838
AMIS,2024-11,Shopee,Máy/thiết bị KA800,14,0,46855931,3748475,50604406
AMIS,2024-11,Shopee,Máy/thiết bị KM200,155,0,39700485,3176075,42876560
AMIS,2024-11,TikTok,CHƯA XÁC ĐỊNH MODEL,13,0,5946285,475704,6421989
AMIS,2024-11,TikTok,Lõi lọc KA150,40,0,14901901,1192153,16094054
AMIS,2024-11,TikTok,Lõi lọc KA350,479,0,213532727,17082600,230615327
AMIS,2024-11,TikTok,Lõi lọc KA600,137,0,70783629,5662706,76446335
AMIS,2024-11,TikTok,Lõi lọc KA800,33,0,15576528,1246118,16822646
AMIS,2024-11,TikTok,Máy/thiết bị KA100,2,0,2007389,160591,2167980
AMIS,2024-11,TikTok,Máy/thiết bị KA150,919,0,1014590624,81167193,1095757817
AMIS,2024-11,TikTok,Máy/thiết bị KA350,811,0,1287874954,103029907,1390904861
AMIS,2024-11,TikTok,Máy/thiết bị KA600,237,0,537185686,42974871,580160557
AMIS,2024-11,TikTok,Máy/thiết bị KA800,31,0,107261825,8580945,115842770
AMIS,2024-11,TikTok,Máy/thiết bị KM200,572,0,139950403,11196115,151146518
AMIS,2024-11,TikTok,Máy/thiết bị KM300,11,0,4782342,382588,5164930
AMIS,2024-12,Khác/chưa xác định kênh,CHƯA XÁC ĐỊNH MODEL,7,0,1795371,143629,1939000
AMIS,2024-12,Khác/chưa xác định kênh,Lõi lọc KA350,7,0,4059755,324780,4384535
AMIS,2024-12,Khác/chưa xác định kênh,Lõi lọc KA600,5,0,2322917,185834,2508751
AMIS,2024-12,Khác/chưa xác định kênh,Lõi lọc KA800,3,0,1014502,81161,1095663
AMIS,2024-12,Khác/chưa xác định kênh,Máy/thiết bị KA100,1,0,975139,78011,1053150
AMIS,2024-12,Khác/chưa xác định kênh,Máy/thiết bị KA150,1,0,817731,65419,883150
AMIS,2024-12,Khác/chưa xác định kênh,Máy/thiết bị KA350,1,0,2916959,233357,3150316
AMIS,2024-12,Khác/chưa xác định kênh,Máy/thiết bị KA600,3,0,6126620,490129,6616749
AMIS,2024-12,Khác/chưa xác định kênh,Máy/thiết bị KA800,3,0,7839339,627147,8466486
AMIS,2024-12,Khác/chưa xác định kênh,Máy/thiết bị KM300,1,0,443519,35481,479000
AMIS,2024-12,Lazada,Lõi lọc KA150,4,0,1738200,139056,1877256
AMIS,2024-12,Lazada,Lõi lọc KA350,3,0,1233737,98699,1332436
AMIS,2024-12,Lazada,Lõi lọc KA600,2,0,958159,76653,1034812
AMIS,2024-12,Lazada,Máy/thiết bị KA150,7,0,7038260,563059,7601319
AMIS,2024-12,Lazada,Máy/thiết bị KA350,5,0,7279744,582379,7862123
AMIS,2024-12,Lazada,Máy/thiết bị KA600,1,0,1811378,144910,1956288
AMIS,2024-12,Lazada,Máy/thiết bị KM300,1,0,397315,31785,429100
AMIS,2024-12,Shopee,CHƯA XÁC ĐỊNH MODEL,21,0,15711706,1256937,16968643
AMIS,2024-12,Shopee,Lõi lọc KA150,21,0,8680108,694410,9374518
AMIS,2024-12,Shopee,Lõi lọc KA350,148,0,73016547,5841291,78857838
AMIS,2024-12,Shopee,Lõi lọc KA600,153,0,81880951,6550499,88431450
AMIS,2024-12,Shopee,Lõi lọc KA800,33,0,14020074,1121620,15141694
AMIS,2024-12,Shopee,Máy/thiết bị KA100,2,0,1086622,86930,1173552
AMIS,2024-12,Shopee,Máy/thiết bị KA150,426,0,483925624,38714024,522639648
AMIS,2024-12,Shopee,Máy/thiết bị KA350,241,0,406950199,32555995,439506194
AMIS,2024-12,Shopee,Máy/thiết bị KA600,119,0,242105425,19368424,261473849
AMIS,2024-12,Shopee,Máy/thiết bị KA800,33,0,108116030,8649276,116765306
AMIS,2024-12,Shopee,Máy/thiết bị KH100,1,0,108176,8654,116830
AMIS,2024-12,Shopee,Máy/thiết bị KH200,3,0,1913889,153111,2067000
AMIS,2024-12,Shopee,Máy/thiết bị KM200,1,0,258333,20667,279000
AMIS,2024-12,Shopee,Máy/thiết bị KM300,140,0,61999520,4959958,66959478
AMIS,2024-12,TikTok,CHƯA XÁC ĐỊNH MODEL,17,0,6864189,549134,7413323
AMIS,2024-12,TikTok,Lõi lọc KA150,55,0,20575848,1646067,22221915
AMIS,2024-12,TikTok,Lõi lọc KA350,478,0,212416972,16993313,229410285
AMIS,2024-12,TikTok,Lõi lọc KA600,243,0,128940591,10315313,139255904
AMIS,2024-12,TikTok,Lõi lọc KA800,33,0,13635229,1090831,14726060
AMIS,2024-12,TikTok,Máy/thiết bị KA100,5,0,6004597,480368,6484965
AMIS,2024-12,TikTok,Máy/thiết bị KA150,1118,0,1203329124,96266291,1299595415
AMIS,2024-12,TikTok,Máy/thiết bị KA350,781,0,1189850290,95187999,1285038289
AMIS,2024-12,TikTok,Máy/thiết bị KA600,227,0,461262210,36900970,498163180
AMIS,2024-12,TikTok,Máy/thiết bị KA800,33,0,104981296,8398500,113379796
AMIS,2024-12,TikTok,Máy/thiết bị KH100,8,0,2732684,218617,2951301
AMIS,2024-12,TikTok,Máy/thiết bị KH200,62,0,35588348,2847053,38435401
AMIS,2024-12,TikTok,Máy/thiết bị KM200,0,0,0,0,0
AMIS,2024-12,TikTok,Máy/thiết bị KM300,217,0,87907923,7032592,94940515
AMIS,2025-01,Khác/chưa xác định kênh,CHƯA XÁC ĐỊNH MODEL,3,0,555556,44444,600000
AMIS,2025-01,Khác/chưa xác định kênh,Lõi lọc KA350,5,0,2434063,194726,2628789
AMIS,2025-01,Khác/chưa xác định kênh,Lõi lọc KA600,8,0,4049875,323991,4373866
AMIS,2025-01,Khác/chưa xác định kênh,Máy/thiết bị KA100,2,0,1652000,132160,1784160
AMIS,2025-01,Khác/chưa xác định kênh,Máy/thiết bị KA150,4,0,4138114,331049,4469163
AMIS,2025-01,Khác/chưa xác định kênh,Máy/thiết bị KA350,9,0,15206903,1216551,16423454
AMIS,2025-01,Khác/chưa xác định kênh,Máy/thiết bị KA600,7,0,13587822,1087026,14674848
AMIS,2025-01,Khác/chưa xác định kênh,Máy/thiết bị KM200,2,0,222222,17778,240000
AMIS,2025-01,Lazada,Lõi lọc KA150,1,0,412037,32963,445000
AMIS,2025-01,Lazada,Lõi lọc KA350,3,0,1245814,99665,1345479
AMIS,2025-01,Lazada,Lõi lọc KA600,4,0,1898147,151853,2050000
AMIS,2025-01,Lazada,Máy/thiết bị KA150,3,0,3095463,247637,3343100
AMIS,2025-01,Lazada,Máy/thiết bị KA350,4,0,5593331,447467,6040798
AMIS,2025-01,Lazada,Máy/thiết bị KH100,1,0,110056,8805,118861
AMIS,2025-01,Shopee,CHƯA XÁC ĐỊNH MODEL,18,0,12660390,1012833,13673223
AMIS,2025-01,Shopee,Lõi lọc KA150,21,0,8770398,701632,9472030
AMIS,2025-01,Shopee,Lõi lọc KA350,249,0,115820019,9265594,125085613
AMIS,2025-01,Shopee,Lõi lọc KA600,136,0,72407979,5792669,78200648
AMIS,2025-01,Shopee,Lõi lọc KA800,2,0,856804,68544,925348
AMIS,2025-01,Shopee,Máy/thiết bị KA100,3,0,3288504,263080,3551584
AMIS,2025-01,Shopee,Máy/thiết bị KA150,442,0,502373140,40189825,542562965
AMIS,2025-01,Shopee,Máy/thiết bị KA350,257,0,399122122,31929735,431051857
AMIS,2025-01,Shopee,Máy/thiết bị KA600,111,0,226679783,18134371,244814154
AMIS,2025-01,Shopee,Máy/thiết bị KA800,9,0,32301527,2584125,34885652
AMIS,2025-01,Shopee,Máy/thiết bị KH100,5,0,2050924,164076,2215000
AMIS,2025-01,Shopee,Máy/thiết bị KH200,68,0,38311524,3064905,41376429
AMIS,2025-01,Shopee,Máy/thiết bị KM300,112,0,48939472,3915125,52854597
AMIS,2025-01,TikTok,CHƯA XÁC ĐỊNH MODEL,10,0,3823753,305901,4129654
AMIS,2025-01,TikTok,Lõi lọc KA150,27,0,12688941,1015115,13704056
AMIS,2025-01,TikTok,Lõi lọc KA350,550,0,246911513,19752910,266664423
AMIS,2025-01,TikTok,Lõi lọc KA600,297,0,157642349,12611447,170253796
AMIS,2025-01,TikTok,Lõi lọc KA800,3,0,1285206,102816,1388022
AMIS,2025-01,TikTok,Máy/thiết bị KA100,3,0,2933339,234667,3168006
AMIS,2025-01,TikTok,Máy/thiết bị KA150,873,0,957816765,76625321,1034442086
AMIS,2025-01,TikTok,Máy/thiết bị KA350,644,0,984268893,78741450,1063010343
AMIS,2025-01,TikTok,Máy/thiết bị KA600,271,0,547853941,43828279,591682220
AMIS,2025-01,TikTok,Máy/thiết bị KA800,21,0,67323897,5385915,72709812
AMIS,2025-01,TikTok,Máy/thiết bị KH100,11,0,4061017,324886,4385903
AMIS,2025-01,TikTok,Máy/thiết bị KH200,71,0,40438036,3235022,43673058
AMIS,2025-01,TikTok,Máy/thiết bị KM200,1,0,284982,22799,307781
AMIS,2025-01,TikTok,Máy/thiết bị KM300,279,0,117996317,9439645,127435962
AMIS,2025-02,Khác/chưa xác định kênh,CHƯA XÁC ĐỊNH MODEL,5,0,694445,55555,750000
AMIS,2025-02,Khác/chưa xác định kênh,Lõi lọc KA150,3,0,1125000,90000,1215000
AMIS,2025-02,Khác/chưa xác định kênh,Lõi lọc KA350,7,0,3397778,271822,3669600
AMIS,2025-02,Khác/chưa xác định kênh,Lõi lọc KA600,3,0,1596802,127745,1724547
AMIS,2025-02,Khác/chưa xác định kênh,Lõi lọc KA800,1,0,97059,7765,104824
AMIS,2025-02,Khác/chưa xác định kênh,Máy/thiết bị KA150,12,0,11647464,931796,12579260
AMIS,2025-02,Khác/chưa xác định kênh,Máy/thiết bị KA350,7,0,12156421,972512,13128933
AMIS,2025-02,Khác/chưa xác định kênh,Máy/thiết bị KA600,2,0,4610224,368818,4979042
AMIS,2025-02,Khác/chưa xác định kênh,Máy/thiết bị KH100,1,0,73433,5875,79308
AMIS,2025-02,Khác/chưa xác định kênh,Máy/thiết bị KH200,2,0,172783,13823,186606
AMIS,2025-02,Khác/chưa xác định kênh,Máy/thiết bị KM200,1,0,111111,8889,120000
AMIS,2025-02,Khác/chưa xác định kênh,Máy/thiết bị KM300,4,0,1304630,104370,1409000
AMIS,2025-02,Lazada,Lõi lọc KA600,1,0,500455,40036,540491
AMIS,2025-02,Lazada,Máy/thiết bị KA150,3,0,2744437,219555,2963992
AMIS,2025-02,Lazada,Máy/thiết bị KA350,5,0,9380194,750416,10130610
AMIS,2025-02,Lazada,Máy/thiết bị KH100,1,0,385761,30861,416622
AMIS,2025-02,Lazada,Máy/thiết bị KH200,2,0,1127825,90225,1218050
AMIS,2025-02,Lazada,Máy/thiết bị KM300,9,0,3698849,295907,3994756
AMIS,2025-02,Shopee,CHƯA XÁC ĐỊNH MODEL,26,0,14372599,1149812,15522411
AMIS,2025-02,Shopee,Lõi lọc KA150,31,0,12540514,1003243,13543757
AMIS,2025-02,Shopee,Lõi lọc KA350,146,0,70314136,5625135,75939271
AMIS,2025-02,Shopee,Lõi lọc KA600,110,0,58313872,4665130,62979002
AMIS,2025-02,Shopee,Máy/thiết bị KA100,6,0,6460890,516870,6977760
AMIS,2025-02,Shopee,Máy/thiết bị KA150,738,0,841902422,67352151,909254573
AMIS,2025-02,Shopee,Máy/thiết bị KA350,312,0,533613384,42689012,576302396
AMIS,2025-02,Shopee,Máy/thiết bị KA600,241,0,589879185,47190348,637069533
AMIS,2025-02,Shopee,Máy/thiết bị KA800,25,0,91392399,7311398,98703797
AMIS,2025-02,Shopee,Máy/thiết bị KH100,71,0,20019788,1601601,21621389
AMIS,2025-02,Shopee,Máy/thiết bị KH200,109,0,54675137,4373987,59049124
AMIS,2025-02,Shopee,Máy/thiết bị KM300,493,0,218631147,17490290,236121437
AMIS,2025-02,TikTok,CHƯA XÁC ĐỊNH MODEL,11,0,6986369,515710,7502079
AMIS,2025-02,TikTok,Lõi lọc KA150,47,0,18534352,1482752,20017104
AMIS,2025-02,TikTok,Lõi lọc KA350,298,0,137965673,11037257,149002930
AMIS,2025-02,TikTok,Lõi lọc KA600,159,0,83015300,6641243,89656543
AMIS,2025-02,TikTok,Máy/thiết bị KA100,3,0,3300852,264068,3564920
AMIS,2025-02,TikTok,Máy/thiết bị KA150,1294,0,1432647179,114611728,1547258907
AMIS,2025-02,TikTok,Máy/thiết bị KA350,653,0,1062747703,85062926,1147810629
AMIS,2025-02,TikTok,Máy/thiết bị KA600,379,0,908927875,72714242,981642117
AMIS,2025-02,TikTok,Máy/thiết bị KA800,22,0,76777044,6142168,82919212
AMIS,2025-02,TikTok,Máy/thiết bị KH100,108,0,20896177,1671699,22567876
AMIS,2025-02,TikTok,Máy/thiết bị KH200,74,0,27188690,2175084,29363774
AMIS,2025-02,TikTok,Máy/thiết bị KM300,847,0,361587806,28926881,390514687
AMIS,2025-03,Khác/chưa xác định kênh,CHƯA XÁC ĐỊNH MODEL,2,0,277778,22222,300000
AMIS,2025-03,Khác/chưa xác định kênh,Lõi lọc KA150,1,0,462963,37037,500000
AMIS,2025-03,Khác/chưa xác định kênh,Lõi lọc KA350,1,0,509259,40741,550000
AMIS,2025-03,Khác/chưa xác định kênh,Lõi lọc KA600,3,0,1319826,105586,1425412
AMIS,2025-03,Khác/chưa xác định kênh,Máy/thiết bị KA100,3,0,2487451,198997,2686448
AMIS,2025-03,Khác/chưa xác định kênh,Máy/thiết bị KA150,15,0,11381676,910533,12292209
AMIS,2025-03,Khác/chưa xác định kênh,Máy/thiết bị KA350,3,0,5700564,456045,6156609
AMIS,2025-03,Khác/chưa xác định kênh,Máy/thiết bị KA600,2,0,4610224,368818,4979042
AMIS,2025-03,Khác/chưa xác định kênh,Máy/thiết bị KH200,1,0,875000,70000,945000
AMIS,2025-03,Khác/chưa xác định kênh,Máy/thiết bị KM300,3,0,925926,74074,1000000
AMIS,2025-03,Lazada,Lõi lọc KA350,10,0,4595604,367649,4963253
AMIS,2025-03,Lazada,Lõi lọc KA600,2,0,934351,74749,1009100
AMIS,2025-03,Lazada,Máy/thiết bị KA150,6,0,6944618,555569,7500187
AMIS,2025-03,Lazada,Máy/thiết bị KA350,6,0,8762682,701015,9463697
AMIS,2025-03,Lazada,Máy/thiết bị KH100,1,0,363981,29119,393100
AMIS,2025-03,Lazada,Máy/thiết bị KM300,2,0,905556,72444,978000
AMIS,2025-03,Shopee,CHƯA XÁC ĐỊNH MODEL,13,0,7245443,579637,7825080
AMIS,2025-03,Shopee,Lõi lọc KA150,19,0,7052546,564205,7616751
AMIS,2025-03,Shopee,Lõi lọc KA350,158,0,75363293,6029065,81392358
AMIS,2025-03,Shopee,Lõi lọc KA600,88,0,46599472,3727974,50327446
AMIS,2025-03,Shopee,Máy/thiết bị KA100,3,0,3297209,263776,3560985
AMIS,2025-03,Shopee,Máy/thiết bị KA150,549,0,622132631,49770578,671903209
AMIS,2025-03,Shopee,Máy/thiết bị KA350,305,0,536049176,42883878,578933054
AMIS,2025-03,Shopee,Máy/thiết bị KA600,138,0,326497440,26119804,352617244
AMIS,2025-03,Shopee,Máy/thiết bị KA800,15,0,55263885,4421115,59685000
AMIS,2025-03,Shopee,Máy/thiết bị KH100,42,0,12789973,1023209,13813182
AMIS,2025-03,Shopee,Máy/thiết bị KH200,-2,0,-702254,-56180,-758434
AMIS,2025-03,Shopee,Máy/thiết bị KM003,4,0,885184,70816,956000
AMIS,2025-03,Shopee,Máy/thiết bị KM300,188,0,83139124,6651061,89790185
AMIS,2025-03,Shopee,Máy/thiết bị KM430,2,0,998148,79852,1078000
AMIS,2025-03,TikTok,CHƯA XÁC ĐỊNH MODEL,5,0,1101178,88094,1189272
AMIS,2025-03,TikTok,Lõi lọc KA150,48,0,18637533,1491003,20128536
AMIS,2025-03,TikTok,Lõi lọc KA350,450,0,210170751,16813650,226984401
AMIS,2025-03,TikTok,Lõi lọc KA600,89,0,46844422,3747570,50591992
AMIS,2025-03,TikTok,Lõi lọc KA800,1,0,1397280,111782,1509062
AMIS,2025-03,TikTok,Máy/thiết bị KA100,2,0,2128036,170243,2298279
AMIS,2025-03,TikTok,Máy/thiết bị KA150,2257,0,2401984089,192158929,2594143018
AMIS,2025-03,TikTok,Máy/thiết bị KA350,823,0,1414332519,113146536,1527479055
AMIS,2025-03,TikTok,Máy/thiết bị KA600,221,0,540144989,43211622,583356611
AMIS,2025-03,TikTok,Máy/thiết bị KA800,41,0,147992675,11839425,159832100
AMIS,2025-03,TikTok,Máy/thiết bị KH100,146,0,41676221,3334079,45010300
AMIS,2025-03,TikTok,Máy/thiết bị KH200,-1,0,-575341,-46027,-621368
AMIS,2025-03,TikTok,Máy/thiết bị KM003,22,0,4253697,340302,4593999
AMIS,2025-03,TikTok,Máy/thiết bị KM300,294,0,124402326,9952138,134354464
AMIS,2025-03,TikTok,Máy/thiết bị KM420,3,0,1218518,97482,1316000
AMIS,2025-03,TikTok,Máy/thiết bị KM430,7,0,3538887,283112,3821999
AMIS,2025-03,TikTok,Máy/thiết bị KM440,1,0,628704,50296,679000
AMIS,2025-04,Khác/chưa xác định kênh,CHƯA XÁC ĐỊNH MODEL,2,0,250000,20000,270000
AMIS,2025-04,Khác/chưa xác định kênh,Lõi lọc KA350,14,0,7143769,571502,7715271
AMIS,2025-04,Khác/chưa xác định kênh,Lõi lọc KA600,2,0,973864,77910,1051774
AMIS,2025-04,Khác/chưa xác định kênh,Lõi lọc KA800,1,0,88373,7070,95443
AMIS,2025-04,Khác/chưa xác định kênh,Máy/thiết bị KA150,60,0,58820004,4705602,63525606
AMIS,2025-04,Khác/chưa xác định kênh,Máy/thiết bị KA350,18,0,24095586,1927648,26023234
AMIS,2025-04,Khác/chưa xác định kênh,Máy/thiết bị KA600,8,0,15287177,1222974,16510151
AMIS,2025-04,Khác/chưa xác định kênh,Máy/thiết bị KA800,3,0,4122353,329787,4452140
AMIS,2025-04,Khác/chưa xác định kênh,Máy/thiết bị KH100,2,0,126528,10122,136650
AMIS,2025-04,Khác/chưa xác định kênh,Máy/thiết bị KH200,7,0,2226022,178081,2404103
AMIS,2025-04,Khác/chưa xác định kênh,Máy/thiết bị KM200,1,0,111111,8889,120000
AMIS,2025-04,Khác/chưa xác định kênh,Máy/thiết bị KM300,17,0,2533694,202694,2736388
AMIS,2025-04,Lazada,Lõi lọc KA350,2,0,1072890,85831,1158721
AMIS,2025-04,Lazada,Lõi lọc KA600,1,0,481481,38519,520000
AMIS,2025-04,Lazada,Máy/thiết bị KA150,4,0,3918194,313455,4231649
AMIS,2025-04,Lazada,Máy/thiết bị KA350,2,0,2575443,206036,2781479
AMIS,2025-04,Lazada,Máy/thiết bị KH200,2,0,1055740,84460,1140200
AMIS,2025-04,Lazada,Máy/thiết bị KM300,3,0,1341851,107347,1449198
AMIS,2025-04,Shopee,CHƯA XÁC ĐỊNH MODEL,8,0,4211184,336896,4548080
AMIS,2025-04,Shopee,Lõi lọc KA150,18,0,7582658,606614,8189272
AMIS,2025-04,Shopee,Lõi lọc KA350,113,0,66677236,5334189,72011425
AMIS,2025-04,Shopee,Lõi lọc KA600,68,0,36162152,2892989,39055141
AMIS,2025-04,Shopee,Lõi lọc KA800,3,0,1681703,134536,1816239
AMIS,2025-04,Shopee,Máy/thiết bị KA100,2,0,2153630,172290,2325920
AMIS,2025-04,Shopee,Máy/thiết bị KA150,463,0,551904596,44152318,596056914
AMIS,2025-04,Shopee,Máy/thiết bị KA350,238,0,438326534,35066089,473392623
AMIS,2025-04,Shopee,Máy/thiết bị KA600,130,0,314157618,25132617,339290235
AMIS,2025-04,Shopee,Máy/thiết bị KA800,8,0,26621492,2129722,28751214
AMIS,2025-04,Shopee,Máy/thiết bị KH200,173,0,100043588,8003438,108047026
AMIS,2025-04,Shopee,Máy/thiết bị KM002,2,0,269397,21552,290949
AMIS,2025-04,Shopee,Máy/thiết bị KM003,19,0,4464570,357168,4821738
AMIS,2025-04,Shopee,Máy/thiết bị KM300,400,0,184356438,14748428,199104866
AMIS,2025-04,Shopee,Máy/thiết bị KM420,19,0,7347855,587834,7935689
AMIS,2025-04,Shopee,Máy/thiết bị KM430,19,0,9676543,774124,10450667
AMIS,2025-04,Shopee,Máy/thiết bị KM440,21,0,14073153,1125849,15199002
AMIS,2025-04,TikTok,CHƯA XÁC ĐỊNH MODEL,11,0,3508742,261579,3770321
AMIS,2025-04,TikTok,Lõi lọc KA150,48,0,18997035,1519763,20516798
AMIS,2025-04,TikTok,Lõi lọc KA350,220,0,126221950,10097787,136319737
AMIS,2025-04,TikTok,Lõi lọc KA600,105,0,55765068,4461199,60226267
AMIS,2025-04,TikTok,Máy/thiết bị KA100,2,0,2534905,202793,2737698
AMIS,2025-04,TikTok,Máy/thiết bị KA150,958,0,1084197840,86735781,1170933621
AMIS,2025-04,TikTok,Máy/thiết bị KA350,504,0,938976272,75118043,1014094315
AMIS,2025-04,TikTok,Máy/thiết bị KA600,353,0,872151750,69772190,941923940
AMIS,2025-04,TikTok,Máy/thiết bị KA800,32,0,118568505,9485487,128053992
AMIS,2025-04,TikTok,Máy/thiết bị KH100,3,0,543944,43515,587459
AMIS,2025-04,TikTok,Máy/thiết bị KH200,409,0,224815759,17985187,242800946
AMIS,2025-04,TikTok,Máy/thiết bị KM002,29,0,4755077,380401,5135478
AMIS,2025-04,TikTok,Máy/thiết bị KM003,56,0,11569159,925539,12494698
AMIS,2025-04,TikTok,Máy/thiết bị KM300,398,0,171306071,13723591,185029662
AMIS,2025-04,TikTok,Máy/thiết bị KM420,10,0,3743267,299462,4042729
AMIS,2025-04,TikTok,Máy/thiết bị KM430,12,0,5974998,478002,6453000
AMIS,2025-04,TikTok,Máy/thiết bị KM440,8,0,5361006,428879,5789885
AMIS,2025-05,Khác/chưa xác định kênh,CHƯA XÁC ĐỊNH MODEL,9,0,1895697,151655,2047352
AMIS,2025-05,Khác/chưa xác định kênh,Lõi lọc KA150,3,0,1199552,95964,1295516
AMIS,2025-05,Khác/chưa xác định kênh,Lõi lọc KA350,11,0,5887826,471026,6358852
AMIS,2025-05,Khác/chưa xác định kênh,Lõi lọc KA600,9,0,5327309,426184,5753493
AMIS,2025-05,Khác/chưa xác định kênh,Máy/thiết bị KA100,1,0,1304239,104339,1408578
AMIS,2025-05,Khác/chưa xác định kênh,Máy/thiết bị KA150,28,0,31741651,2539333,34280984
AMIS,2025-05,Khác/chưa xác định kênh,Máy/thiết bị KA350,16,0,22708989,1816717,24525706
AMIS,2025-05,Khác/chưa xác định kênh,Máy/thiết bị KA600,8,0,19690127,1575210,21265337
AMIS,2025-05,Khác/chưa xác định kênh,Máy/thiết bị KA800,3,0,3131185,250495,3381680
AMIS,2025-05,Khác/chưa xác định kênh,Máy/thiết bị KH100,4,0,278506,22281,300787
AMIS,2025-05,Khác/chưa xác định kênh,Máy/thiết bị KH200,12,0,2364966,189197,2554163
AMIS,2025-05,Khác/chưa xác định kênh,Máy/thiết bị KM002,5,0,400414,32033,432447
AMIS,2025-05,Khác/chưa xác định kênh,Máy/thiết bị KM003,3,0,299101,23928,323029
AMIS,2025-05,Khác/chưa xác định kênh,Máy/thiết bị KM200,1,0,138889,11111,150000
AMIS,2025-05,Khác/chưa xác định kênh,Máy/thiết bị KM300,29,0,11430885,914471,12345356
AMIS,2025-05,Khác/chưa xác định kênh,Máy/thiết bị KM440,19,0,9795204,783616,10578820
AMIS,2025-05,Lazada,Lõi lọc KA600,1,0,453704,36296,490000
AMIS,2025-05,Lazada,Máy/thiết bị KA150,1,0,1212628,97010,1309638
AMIS,2025-05,Lazada,Máy/thiết bị KA350,4,0,6921966,553757,7475723
AMIS,2025-05,Lazada,Máy/thiết bị KH200,7,0,3962178,316972,4279150
AMIS,2025-05,Lazada,Máy/thiết bị KM300,1,0,470744,37660,508404
AMIS,2025-05,Lazada,Máy/thiết bị KM430,1,0,444537,35563,480100
AMIS,2025-05,Shopee,CHƯA XÁC ĐỊNH MODEL,13,0,10610938,848877,11459815
AMIS,2025-05,Shopee,Lõi lọc KA150,26,0,10698715,855895,11554610
AMIS,2025-05,Shopee,Lõi lọc KA350,157,0,94712364,7577001,102289365
AMIS,2025-05,Shopee,Lõi lọc KA600,106,0,57183215,4574676,61757891
AMIS,2025-05,Shopee,Lõi lọc KA800,2,0,681494,54520,736014
AMIS,2025-05,Shopee,Máy/thiết bị KA100,2,0,2153630,172290,2325920
AMIS,2025-05,Shopee,Máy/thiết bị KA150,446,0,549887444,43990927,593878371
AMIS,2025-05,Shopee,Máy/thiết bị KA350,216,0,386967041,30957347,417924388
AMIS,2025-05,Shopee,Máy/thiết bị KA600,201,0,492041858,39363362,531405220
AMIS,2025-05,Shopee,Máy/thiết bị KA800,16,0,60642019,4851362,65493381
AMIS,2025-05,Shopee,Máy/thiết bị KH100,56,0,25980576,2078448,28059024
AMIS,2025-05,Shopee,Máy/thiết bị KH200,461,0,264302148,21144060,285446208
AMIS,2025-05,Shopee,Máy/thiết bị KM002,103,0,19580353,1566424,21146777
AMIS,2025-05,Shopee,Máy/thiết bị KM003,77,0,18355426,1468432,19823858
AMIS,2025-05,Shopee,Máy/thiết bị KM300,430,0,206018489,16481502,222499991
AMIS,2025-05,Shopee,Máy/thiết bị KM420,15,0,6098314,487869,6586183
AMIS,2025-05,Shopee,Máy/thiết bị KM430,17,0,8847491,707801,9555292
AMIS,2025-05,Shopee,Máy/thiết bị KM440,22,0,13778025,1102235,14880260
AMIS,2025-05,TikTok,CHƯA XÁC ĐỊNH MODEL,13,0,2944436,235558,3179994
AMIS,2025-05,TikTok,Lõi lọc KA150,24,0,10104041,808322,10912363
AMIS,2025-05,TikTok,Lõi lọc KA350,242,0,140543328,11243478,151786806
AMIS,2025-05,TikTok,Lõi lọc KA600,131,0,68493390,5479485,73972875
AMIS,2025-05,TikTok,Máy/thiết bị KA100,6,0,6337716,507017,6844733
AMIS,2025-05,TikTok,Máy/thiết bị KA150,671,0,811829490,64946275,876775765
AMIS,2025-05,TikTok,Máy/thiết bị KA350,462,0,855321547,68425693,923747240
AMIS,2025-05,TikTok,Máy/thiết bị KA600,318,0,769437201,61555018,830992219
AMIS,2025-05,TikTok,Máy/thiết bị KA800,24,0,94668416,7573475,102241891
AMIS,2025-05,TikTok,Máy/thiết bị KH100,103,0,46471715,3717744,50189459
AMIS,2025-05,TikTok,Máy/thiết bị KH200,1224,0,676940799,54154971,731095770
AMIS,2025-05,TikTok,Máy/thiết bị KM002,211,0,39054988,3124409,42179397
AMIS,2025-05,TikTok,Máy/thiết bị KM003,240,0,57773277,4621954,62395231
AMIS,2025-05,TikTok,Máy/thiết bị KM300,384,0,167623783,13409861,181033644
AMIS,2025-05,TikTok,Máy/thiết bị KM420,20,0,8181066,654482,8835548
AMIS,2025-05,TikTok,Máy/thiết bị KM430,9,0,4136174,330895,4467069
AMIS,2025-05,TikTok,Máy/thiết bị KM440,10,0,6512824,521024,7033848
AMIS,2025-06,Khác/chưa xác định kênh,CHƯA XÁC ĐỊNH MODEL,6,0,1851852,148148,2000000
AMIS,2025-06,Khác/chưa xác định kênh,Lõi lọc KA150,2,0,896376,71710,968086
AMIS,2025-06,Khác/chưa xác định kênh,Lõi lọc KA350,8,0,4313630,345091,4658721
AMIS,2025-06,Khác/chưa xác định kênh,Lõi lọc KA600,10,0,5496321,439707,5936028
AMIS,2025-06,Khác/chưa xác định kênh,Lõi lọc KA800,2,0,232003,18560,250563
AMIS,2025-06,Khác/chưa xác định kênh,Máy/thiết bị KA150,41,0,48538611,3883088,52421699
AMIS,2025-06,Khác/chưa xác định kênh,Máy/thiết bị KA350,26,0,40066840,3205347,43272187
AMIS,2025-06,Khác/chưa xác định kênh,Máy/thiết bị KA600,14,0,35010024,2800802,37810826
AMIS,2025-06,Khác/chưa xác định kênh,Máy/thiết bị KA800,7,0,17512633,1401011,18913644
AMIS,2025-06,Khác/chưa xác định kênh,Máy/thiết bị KH100,6,0,544749,43580,588329
AMIS,2025-06,Khác/chưa xác định kênh,Máy/thiết bị KH200,44,0,9544503,763561,10308064
AMIS,2025-06,Khác/chưa xác định kênh,Máy/thiết bị KM002,4,0,447571,35805,483376
AMIS,2025-06,Khác/chưa xác định kênh,Máy/thiết bị KM003,17,0,2493354,199469,2692823
AMIS,2025-06,Khác/chưa xác định kênh,Máy/thiết bị KM300,22,0,3848933,307915,4156848
AMIS,2025-06,Khác/chưa xác định kênh,Máy/thiết bị KM420,4,0,952266,76182,1028448
AMIS,2025-06,Khác/chưa xác định kênh,Máy/thiết bị KM430,7,0,2604018,208321,2812339
AMIS,2025-06,Khác/chưa xác định kênh,Máy/thiết bị KM440,4,0,1884917,150793,2035710
AMIS,2025-06,Lazada,Lõi lọc KA350,2,0,1183958,94717,1278675
AMIS,2025-06,Lazada,Máy/thiết bị KA150,2,0,2232283,178583,2410866
AMIS,2025-06,Lazada,Máy/thiết bị KA350,1,0,1538759,123101,1661860
AMIS,2025-06,Lazada,Máy/thiết bị KH200,9,0,5261251,420898,5682149
AMIS,2025-06,Lazada,Máy/thiết bị KM003,1,0,209306,16744,226050
AMIS,2025-06,Lazada,Máy/thiết bị KM300,4,0,1908396,152671,2061067
AMIS,2025-06,Shopee,CHƯA XÁC ĐỊNH MODEL,15,0,10333849,826709,11160558
AMIS,2025-06,Shopee,Lõi lọc KA150,15,0,6959523,556761,7516284
AMIS,2025-06,Shopee,Lõi lọc KA350,162,0,97136062,7770896,104906958
AMIS,2025-06,Shopee,Lõi lọc KA600,170,0,91057251,7284612,98341863
AMIS,2025-06,Shopee,Máy/thiết bị KA100,3,0,3434213,274737,3708950
AMIS,2025-06,Shopee,Máy/thiết bị KA150,400,0,496988718,39759047,536747765
AMIS,2025-06,Shopee,Máy/thiết bị KA350,297,0,556002120,44480143,600482263
AMIS,2025-06,Shopee,Máy/thiết bị KA600,194,0,437564579,35005165,472569744
AMIS,2025-06,Shopee,Máy/thiết bị KA800,17,0,67539814,5403186,72943000
AMIS,2025-06,Shopee,Máy/thiết bị KH100,52,0,25457957,2036640,27494597
AMIS,2025-06,Shopee,Máy/thiết bị KH200,764,0,467808876,37424639,505233515
AMIS,2025-06,Shopee,Máy/thiết bị KM002,9,0,1629632,130368,1760000
AMIS,2025-06,Shopee,Máy/thiết bị KM003,56,0,13000022,1040014,14040036
AMIS,2025-06,Shopee,Máy/thiết bị KM300,654,0,325480347,26038435,351518782
AMIS,2025-06,Shopee,Máy/thiết bị KM420,63,0,26018314,2081484,28099798
AMIS,2025-06,Shopee,Máy/thiết bị KM430,35,0,18646458,1491717,20138175
AMIS,2025-06,Shopee,Máy/thiết bị KM440,34,0,22526666,1802131,24328797
AMIS,2025-06,TikTok,CHƯA XÁC ĐỊNH MODEL,2,0,1927797,154223,2082020
AMIS,2025-06,TikTok,Lõi lọc KA150,39,0,15828362,1266267,17094629
AMIS,2025-06,TikTok,Lõi lọc KA350,148,0,83420632,6673656,90094288
AMIS,2025-06,TikTok,Lõi lọc KA600,186,0,97508203,7800694,105308897
AMIS,2025-06,TikTok,Lõi lọc KA800,1,0,555556,44444,600000
AMIS,2025-06,TikTok,Máy/thiết bị KA100,1,0,1247681,99815,1347496
AMIS,2025-06,TikTok,Máy/thiết bị KA150,773,0,892658402,71412708,964071110
AMIS,2025-06,TikTok,Máy/thiết bị KA350,358,0,662529658,53002327,715531985
AMIS,2025-06,TikTok,Máy/thiết bị KA600,245,0,556798043,44543835,601341878
AMIS,2025-06,TikTok,Máy/thiết bị KA800,13,0,51795996,4143682,55939678
AMIS,2025-06,TikTok,Máy/thiết bị KH100,223,0,108314343,8665169,116979512
AMIS,2025-06,TikTok,Máy/thiết bị KH200,1527,0,923050589,73843661,996894250
AMIS,2025-06,TikTok,Máy/thiết bị KM002,123,0,20511691,1640915,22152606
AMIS,2025-06,TikTok,Máy/thiết bị KM003,204,0,45407935,3632693,49040628
AMIS,2025-06,TikTok,Máy/thiết bị KM300,372,0,179460676,14356913,193817589
AMIS,2025-06,TikTok,Máy/thiết bị KM420,29,0,12032559,962597,12995156
AMIS,2025-06,TikTok,Máy/thiết bị KM430,17,0,7994434,639554,8633988
AMIS,2025-06,TikTok,Máy/thiết bị KM440,24,0,14687650,1175009,15862659
meInvoice,2024-01,Khác/chưa xác định kênh,CHƯA PHÂN BỔ SẢN PHẨM,0,48,13957026,1116560,15073586
meInvoice,2024-01,Khác/chưa xác định kênh,CHƯA XÁC ĐỊNH MODEL,18,0,36158468,2892679,39051147
meInvoice,2024-01,Khác/chưa xác định kênh,Lõi lọc KA150,1,0,443975,35518,479493
meInvoice,2024-01,Khác/chưa xác định kênh,Lõi lọc KA350,21,0,8615769,689267,9305036
meInvoice,2024-01,Khác/chưa xác định kênh,Lõi lọc KA600,5,0,2482406,198593,2680999
meInvoice,2024-01,Khác/chưa xác định kênh,Máy/thiết bị KA150,77,0,80236014,6418879,86654893
meInvoice,2024-01,Khác/chưa xác định kênh,Máy/thiết bị KA350,330,0,543020713,43441647,586462360
meInvoice,2024-01,Khác/chưa xác định kênh,Máy/thiết bị KA600,68,0,169117019,13529366,182646385
meInvoice,2024-02,Khác/chưa xác định kênh,CHƯA PHÂN BỔ SẢN PHẨM,0,69,105540535,8443242,113983777
meInvoice,2024-02,Khác/chưa xác định kênh,CHƯA XÁC ĐỊNH MODEL,31,0,52738831,4219107,56957938
meInvoice,2024-02,Khác/chưa xác định kênh,Lõi lọc KA100,2,0,333333,26667,360000
meInvoice,2024-02,Khác/chưa xác định kênh,Lõi lọc KA150,2,0,928544,74283,1002827
meInvoice,2024-02,Khác/chưa xác định kênh,Lõi lọc KA350,21,0,12845711,1027659,13873370
meInvoice,2024-02,Khác/chưa xác định kênh,Lõi lọc KA600,12,0,10669861,853592,11523453
meInvoice,2024-02,Khác/chưa xác định kênh,Máy/thiết bị KA100,9,0,9891186,791295,10682481
meInvoice,2024-02,Khác/chưa xác định kênh,Máy/thiết bị KA150,210,0,217796249,17423692,235219941
meInvoice,2024-02,Khác/chưa xác định kênh,Máy/thiết bị KA350,608,0,1019477150,81558173,1101035323
meInvoice,2024-02,Khác/chưa xác định kênh,Máy/thiết bị KA600,139,0,343694441,27495557,371189998
meInvoice,2024-03,Khác/chưa xác định kênh,CHƯA PHÂN BỔ SẢN PHẨM,0,70,110302172,8824173,119125345
meInvoice,2024-03,Khác/chưa xác định kênh,CHƯA XÁC ĐỊNH MODEL,95,1,74997311,5999784,80997095
meInvoice,2024-03,Khác/chưa xác định kênh,Lõi lọc KA350,43,0,24735333,1978832,26714165
meInvoice,2024-03,Khác/chưa xác định kênh,Lõi lọc KA600,8,0,3865462,309239,4174701
meInvoice,2024-03,Khác/chưa xác định kênh,Máy/thiết bị KA100,3,0,3741964,299357,4041321
meInvoice,2024-03,Khác/chưa xác định kênh,Máy/thiết bị KA150,206,4,223076794,17846129,240922923
meInvoice,2024-03,Khác/chưa xác định kênh,Máy/thiết bị KA350,630,6,1163010415,93040842,1256051257
meInvoice,2024-03,Khác/chưa xác định kênh,Máy/thiết bị KA600,66,2,163629624,13090368,176719992
meInvoice,2024-04,Khác/chưa xác định kênh,CHƯA PHÂN BỔ SẢN PHẨM,0,128,354750984,28380080,383131064
meInvoice,2024-04,Khác/chưa xác định kênh,CHƯA XÁC ĐỊNH MODEL,240,0,185434650,14834773,200269423
meInvoice,2024-04,Khác/chưa xác định kênh,Lõi lọc KA150,12,0,4562407,364994,4927401
meInvoice,2024-04,Khác/chưa xác định kênh,Lõi lọc KA350,53,0,25781019,2062484,27843503
meInvoice,2024-04,Khác/chưa xác định kênh,Lõi lọc KA600,13,0,6734921,538795,7273716
meInvoice,2024-04,Khác/chưa xác định kênh,Máy/thiết bị KA100,7,0,6629166,530333,7159499
meInvoice,2024-04,Khác/chưa xác định kênh,Máy/thiết bị KA150,754,0,753731639,60298529,814030168
meInvoice,2024-04,Khác/chưa xác định kênh,Máy/thiết bị KA350,1842,0,3149795242,251983601,3401778843
meInvoice,2024-04,Khác/chưa xác định kênh,Máy/thiết bị KA600,363,0,875339124,70027143,945366267
meInvoice,2024-05,Khác/chưa xác định kênh,CHƯA PHÂN BỔ SẢN PHẨM,0,79,170072438,13605795,183678232
meInvoice,2024-05,Khác/chưa xác định kênh,CHƯA XÁC ĐỊNH MODEL,22,0,30785093,2462811,33247904
meInvoice,2024-05,Khác/chưa xác định kênh,Lõi lọc KA150,2,0,830527,66442,896969
meInvoice,2024-05,Khác/chưa xác định kênh,Lõi lọc KA350,46,0,23041190,1843301,24884491
meInvoice,2024-05,Khác/chưa xác định kênh,Lõi lọc KA600,15,0,6879444,550356,7429800
meInvoice,2024-05,Khác/chưa xác định kênh,Máy/thiết bị KA100,4,0,3431481,274519,3706000
meInvoice,2024-05,Khác/chưa xác định kênh,Máy/thiết bị KA150,341,0,320037358,25602986,345640344
meInvoice,2024-05,Khác/chưa xác định kênh,Máy/thiết bị KA350,735,0,1193766232,95501297,1289267529
meInvoice,2024-05,Khác/chưa xác định kênh,Máy/thiết bị KA600,59,0,143645571,11491644,155137215
meInvoice,2024-05,Khác/chưa xác định kênh,Máy/thiết bị KM300,72,0,19658449,1572669,21231118
meInvoice,2024-06,Khác/chưa xác định kênh,CHƯA PHÂN BỔ SẢN PHẨM,0,120,550194565,44017563,594210129
meInvoice,2024-06,Khác/chưa xác định kênh,CHƯA XÁC ĐỊNH MODEL,84,0,70330077,5626410,75956487
meInvoice,2024-06,Khác/chưa xác định kênh,Lõi lọc KA150,10,0,4800185,384016,5184201
meInvoice,2024-06,Khác/chưa xác định kênh,Lõi lọc KA350,67,0,30661582,2452932,33114514
meInvoice,2024-06,Khác/chưa xác định kênh,Lõi lọc KA600,26,0,11658119,932652,12590771
meInvoice,2024-06,Khác/chưa xác định kênh,Máy/thiết bị KA100,8,0,10658519,852682,11511201
meInvoice,2024-06,Khác/chưa xác định kênh,Máy/thiết bị KA150,2489,0,2032305187,162584395,2194889582
meInvoice,2024-06,Khác/chưa xác định kênh,Máy/thiết bị KA350,1795,0,2951207116,236096562,3187303678
meInvoice,2024-06,Khác/chưa xác định kênh,Máy/thiết bị KA600,189,0,462561421,37004920,499566341
meInvoice,2024-06,Khác/chưa xác định kênh,Máy/thiết bị KM100,1,0,203333,16266,219599
meInvoice,2024-06,Khác/chưa xác định kênh,Máy/thiết bị KM200,1,0,296297,23704,320001
meInvoice,2024-06,Khác/chưa xác định kênh,Máy/thiết bị KM300,100,0,23528950,1882318,25411268
meInvoice,2024-07,Khác/chưa xác định kênh,CHƯA PHÂN BỔ SẢN PHẨM,0,38,145747890,11659831,157407721
meInvoice,2024-07,Khác/chưa xác định kênh,CHƯA XÁC ĐỊNH MODEL,25,0,22262169,1780974,24043143
meInvoice,2024-07,Khác/chưa xác định kênh,Lõi lọc KA150,2,0,851931,68155,920086
meInvoice,2024-07,Khác/chưa xác định kênh,Lõi lọc KA350,34,0,15768196,1261456,17029652
meInvoice,2024-07,Khác/chưa xác định kênh,Lõi lọc KA600,12,0,5688426,455076,6143502
meInvoice,2024-07,Khác/chưa xác định kênh,Máy/thiết bị KA150,437,0,383190752,30655248,413846000
meInvoice,2024-07,Khác/chưa xác định kênh,Máy/thiết bị KA350,504,0,811956942,64956552,876913494
meInvoice,2024-07,Khác/chưa xác định kênh,Máy/thiết bị KA600,116,0,269022634,21521818,290544452
meInvoice,2024-07,Khác/chưa xác định kênh,Máy/thiết bị KM100,11,0,1779174,142335,1921509
meInvoice,2024-07,Khác/chưa xác định kênh,Máy/thiết bị KM200,11,0,3315331,265228,3580559
meInvoice,2024-07,Khác/chưa xác định kênh,Máy/thiết bị KM300,49,0,12326336,986110,13312446
meInvoice,2024-08,Khác/chưa xác định kênh,CHƯA PHÂN BỔ SẢN PHẨM,0,124,646388132,51711043,698099175
meInvoice,2024-08,Khác/chưa xác định kênh,CHƯA XÁC ĐỊNH MODEL,48,0,82218131,6577450,88795581
meInvoice,2024-08,Khác/chưa xác định kênh,Lõi lọc KA150,20,0,8678731,694300,9373031
meInvoice,2024-08,Khác/chưa xác định kênh,Lõi lọc KA350,95,0,47292427,3783396,51075823
meInvoice,2024-08,Khác/chưa xác định kênh,Lõi lọc KA600,32,0,18860225,1508816,20369041
meInvoice,2024-08,Khác/chưa xác định kênh,Máy/thiết bị KA100,8,0,7760198,620816,8381014
meInvoice,2024-08,Khác/chưa xác định kênh,Máy/thiết bị KA150,1890,0,1662999266,133039973,1796039239
meInvoice,2024-08,Khác/chưa xác định kênh,Máy/thiết bị KA350,1850,0,2949471490,235957687,3185429177
meInvoice,2024-08,Khác/chưa xác định kênh,Máy/thiết bị KA600,547,0,1311092104,104887365,1415979469
meInvoice,2024-08,Khác/chưa xác định kênh,Máy/thiết bị KM100,97,0,17588915,1407116,18996031
meInvoice,2024-08,Khác/chưa xác định kênh,Máy/thiết bị KM200,166,0,42452765,3396220,45848985
meInvoice,2024-08,Khác/chưa xác định kênh,Máy/thiết bị KM300,271,0,111213613,8897091,120110704
meInvoice,2024-09,Khác/chưa xác định kênh,CHƯA PHÂN BỔ SẢN PHẨM,0,101,468937983,37515041,506453024
meInvoice,2024-09,Khác/chưa xác định kênh,CHƯA XÁC ĐỊNH MODEL,46,0,45131877,3610545,48742422
meInvoice,2024-09,Khác/chưa xác định kênh,Lõi lọc KA150,10,0,4607408,368591,4975999
meInvoice,2024-09,Khác/chưa xác định kênh,Lõi lọc KA350,88,0,40748346,3259864,44008210
meInvoice,2024-09,Khác/chưa xác định kênh,Lõi lọc KA600,39,0,18254541,1460366,19714907
meInvoice,2024-09,Khác/chưa xác định kênh,Máy/thiết bị KA100,9,0,9146065,731687,9877752
meInvoice,2024-09,Khác/chưa xác định kênh,Máy/thiết bị KA150,1365,0,1302245960,104179613,1406425573
meInvoice,2024-09,Khác/chưa xác định kênh,Máy/thiết bị KA350,1289,0,2081338965,166507142,2247846107
meInvoice,2024-09,Khác/chưa xác định kênh,Máy/thiết bị KA600,388,0,933432735,74674656,1008107391
meInvoice,2024-09,Khác/chưa xác định kênh,Máy/thiết bị KA800,5,0,17950482,1436038,19386520
meInvoice,2024-09,Khác/chưa xác định kênh,Máy/thiết bị KM100,140,0,33197339,2655790,35853129
meInvoice,2024-09,Khác/chưa xác định kênh,Máy/thiết bị KM200,124,0,28892170,2311373,31203543
meInvoice,2024-09,Khác/chưa xác định kênh,Máy/thiết bị KM300,242,0,92234060,7378731,99612791
meInvoice,2024-10,Khác/chưa xác định kênh,CHƯA PHÂN BỔ SẢN PHẨM,0,80,359311458,28744918,388055476
meInvoice,2024-10,Khác/chưa xác định kênh,CHƯA XÁC ĐỊNH MODEL,26,0,33824579,2705966,36530545
meInvoice,2024-10,Khác/chưa xác định kênh,Lõi lọc KA150,8,0,3398148,271854,3670002
meInvoice,2024-10,Khác/chưa xác định kênh,Lõi lọc KA350,94,1,46680723,3734474,50415197
meInvoice,2024-10,Khác/chưa xác định kênh,Lõi lọc KA600,26,0,11547534,923805,12471339
meInvoice,2024-10,Khác/chưa xác định kênh,Máy/thiết bị KA100,1,0,130370,10430,140800
meInvoice,2024-10,Khác/chưa xác định kênh,Máy/thiết bị KA150,905,0,829145590,66331618,895477208
meInvoice,2024-10,Khác/chưa xác định kênh,Máy/thiết bị KA350,887,0,1402107555,112168561,1514276116
meInvoice,2024-10,Khác/chưa xác định kênh,Máy/thiết bị KA600,263,0,612954405,49036392,661990797
meInvoice,2024-10,Khác/chưa xác định kênh,Máy/thiết bị KA800,7,0,25779277,2062342,27841619
meInvoice,2024-10,Khác/chưa xác định kênh,Máy/thiết bị KM100,14,0,3144963,251598,3396561
meInvoice,2024-10,Khác/chưa xác định kênh,Máy/thiết bị KM200,112,0,30141667,2411339,32553006
meInvoice,2024-10,Khác/chưa xác định kênh,Máy/thiết bị KM300,205,0,60113803,4809109,64922912
meInvoice,2024-11,Khác/chưa xác định kênh,CHƯA PHÂN BỔ SẢN PHẨM,0,117,2960300950,236824081,3197125031
meInvoice,2024-11,Khác/chưa xác định kênh,CHƯA XÁC ĐỊNH MODEL,15,0,17576057,1406084,18982141
meInvoice,2024-11,Khác/chưa xác định kênh,Lõi lọc KA150,13,0,5820407,465635,6286042
meInvoice,2024-11,Khác/chưa xác định kênh,Lõi lọc KA350,33,0,16254719,1300383,17555102
meInvoice,2024-11,Khác/chưa xác định kênh,Lõi lọc KA600,23,0,11077776,886227,11964003
meInvoice,2024-11,Khác/chưa xác định kênh,Máy/thiết bị KA100,3,0,3156037,252483,3408520
meInvoice,2024-11,Khác/chưa xác định kênh,Máy/thiết bị KA150,433,0,420517042,33641375,454158417
meInvoice,2024-11,Khác/chưa xác định kênh,Máy/thiết bị KA350,321,0,529202787,42336178,571538965
meInvoice,2024-11,Khác/chưa xác định kênh,Máy/thiết bị KA600,103,0,246489727,19719190,266208917
meInvoice,2024-11,Khác/chưa xác định kênh,Máy/thiết bị KA800,13,0,47423019,3793839,51216858
meInvoice,2024-11,Khác/chưa xác định kênh,Máy/thiết bị KM200,105,0,24909912,1992792,26902704
meInvoice,2024-11,Khác/chưa xác định kênh,Máy/thiết bị KM300,256,0,25361147,2028908,27390055
meInvoice,2024-12,Khác/chưa xác định kênh,CHƯA PHÂN BỔ SẢN PHẨM,0,225,1609367326,128749387,1738116713
meInvoice,2024-12,Khác/chưa xác định kênh,CHƯA XÁC ĐỊNH MODEL,75,0,101807326,8144594,109951920
meInvoice,2024-12,Khác/chưa xác định kênh,Lõi lọc KA150,38,0,17137480,1371003,18508483
meInvoice,2024-12,Khác/chưa xác định kênh,Lõi lọc KA350,141,0,67472590,5397829,72870419
meInvoice,2024-12,Khác/chưa xác định kênh,Lõi lọc KA600,51,0,24725510,1978048,26703558
meInvoice,2024-12,Khác/chưa xác định kênh,Lõi lọc KA800,2,0,1515739,121259,1636998
meInvoice,2024-12,Khác/chưa xác định kênh,Máy/thiết bị KA100,4,0,4183520,334681,4518201
meInvoice,2024-12,Khác/chưa xác định kênh,Máy/thiết bị KA15,1,0,1137963,91037,1229000
meInvoice,2024-12,Khác/chưa xác định kênh,Máy/thiết bị KA150,2007,0,2029839016,162387183,2192226199
meInvoice,2024-12,Khác/chưa xác định kênh,Máy/thiết bị KA350,1699,0,2698615398,215889167,2914504565
meInvoice,2024-12,Khác/chưa xác định kênh,Máy/thiết bị KA600,453,0,1079237172,86338990,1165576162
meInvoice,2024-12,Khác/chưa xác định kênh,Máy/thiết bị KA800,67,0,248164082,19853116,268017198
meInvoice,2024-12,Khác/chưa xác định kênh,Máy/thiết bị KH200,4,0,3489814,279185,3768999
meInvoice,2024-12,Khác/chưa xác định kênh,Máy/thiết bị KM200,571,0,131052534,10484181,141536715
meInvoice,2024-12,Khác/chưa xác định kênh,Máy/thiết bị KM300,420,0,165647429,13251777,178899206
meInvoice,2025-01,Khác/chưa xác định kênh,CHƯA PHÂN BỔ SẢN PHẨM,0,80,91478312,7454264,98796576
meInvoice,2025-01,Khác/chưa xác định kênh,CHƯA XÁC ĐỊNH MODEL,11,0,22499104,1799927,24299031
meInvoice,2025-01,Khác/chưa xác định kênh,Lõi lọc KA150,8,0,3313516,265082,3578598
meInvoice,2025-01,Khác/chưa xác định kênh,Lõi lọc KA350,45,0,21219736,1697585,22917321
meInvoice,2025-01,Khác/chưa xác định kênh,Lõi lọc KA600,21,0,9468055,757447,10225502
meInvoice,2025-01,Khác/chưa xác định kênh,Máy/thiết bị KA100,1,0,1009556,80764,1090320
meInvoice,2025-01,Khác/chưa xác định kênh,Máy/thiết bị KA150,386,0,404077061,32326136,436403197
meInvoice,2025-01,Khác/chưa xác định kênh,Máy/thiết bị KA350,226,0,384405830,30752464,415158294
meInvoice,2025-01,Khác/chưa xác định kênh,Máy/thiết bị KA600,102,0,243628993,19490342,263119335
meInvoice,2025-01,Khác/chưa xác định kênh,Máy/thiết bị KA800,7,0,22298156,1783853,24082009
meInvoice,2025-01,Khác/chưa xác định kênh,Máy/thiết bị KH100,5,0,1817945,145435,1963380
meInvoice,2025-01,Khác/chưa xác định kênh,Máy/thiết bị KH200,32,0,16520047,1321604,17841651
meInvoice,2025-01,Khác/chưa xác định kênh,Máy/thiết bị KM200,2,0,222222,17778,240000
meInvoice,2025-01,Khác/chưa xác định kênh,Máy/thiết bị KM300,99,0,39826204,3186096,43012300
meInvoice,2025-02,Khác/chưa xác định kênh,CHƯA PHÂN BỔ SẢN PHẨM,0,130,148875397,11910032,161609426
meInvoice,2025-02,Khác/chưa xác định kênh,CHƯA XÁC ĐỊNH MODEL,38,0,65689266,5255145,70944411
meInvoice,2025-02,Khác/chưa xác định kênh,Lõi lọc KA150,25,0,10407760,832620,11240380
meInvoice,2025-02,Khác/chưa xác định kênh,Lõi lọc KA350,98,0,48592448,3887412,52479860
meInvoice,2025-02,Khác/chưa xác định kênh,Lõi lọc KA600,44,0,25134101,2010742,27144843
meInvoice,2025-02,Khác/chưa xác định kênh,Lõi lọc KA800,1,0,600000,48000,648000
meInvoice,2025-02,Khác/chưa xác định kênh,Máy/thiết bị KA100,8,0,7315852,585268,7901120
meInvoice,2025-02,Khác/chưa xác định kênh,Máy/thiết bị KA150,1177,0,1237688601,99015061,1336703662
meInvoice,2025-02,Khác/chưa xác định kênh,Máy/thiết bị KA350,743,0,1277097063,102167751,1379264814
meInvoice,2025-02,Khác/chưa xác định kênh,Máy/thiết bị KA600,299,0,732463700,58597138,791060838
meInvoice,2025-02,Khác/chưa xác định kênh,Máy/thiết bị KA800,22,0,76574487,6125971,82700458
meInvoice,2025-02,Khác/chưa xác định kênh,Máy/thiết bị KH100,15,0,5691394,455310,6146704
meInvoice,2025-02,Khác/chưa xác định kênh,Máy/thiết bị KH200,143,0,80539136,6443125,86982261
meInvoice,2025-02,Khác/chưa xác định kênh,Máy/thiết bị KM200,1,0,111111,8889,120000
meInvoice,2025-02,Khác/chưa xác định kênh,Máy/thiết bị KM30,1,0,332593,26607,359200
meInvoice,2025-02,Khác/chưa xác định kênh,Máy/thiết bị KM300,522,0,215148801,17211867,232360668
meInvoice,2025-03,Khác/chưa xác định kênh,CHƯA PHÂN BỔ SẢN PHẨM,0,69,-111167130,-8893369,-120060499
meInvoice,2025-03,Khác/chưa xác định kênh,CHƯA XÁC ĐỊNH MODEL,30,0,49687148,3974973,53662121
meInvoice,2025-03,Khác/chưa xác định kênh,Lõi lọc KA150,31,0,17414260,1393140,18807400
meInvoice,2025-03,Khác/chưa xác định kênh,Lõi lọc KA350,213,0,151664694,12133179,163797873
meInvoice,2025-03,Khác/chưa xác định kênh,Lõi lọc KA600,70,0,40563521,3245090,43808611
meInvoice,2025-03,Khác/chưa xác định kênh,Lõi lọc KA800,2,0,1562037,124963,1687000
meInvoice,2025-03,Khác/chưa xác định kênh,Máy/thiết bị KA100,4,0,4681481,374519,5056000
meInvoice,2025-03,Khác/chưa xác định kênh,Máy/thiết bị KA150,2408,0,2648549599,211883980,2860433579
meInvoice,2025-03,Khác/chưa xác định kênh,Máy/thiết bị KA350,1147,0,2153376410,172270105,2325646515
meInvoice,2025-03,Khác/chưa xác định kênh,Máy/thiết bị KA600,451,0,1175474142,94037947,1269512089
meInvoice,2025-03,Khác/chưa xác định kênh,Máy/thiết bị KA800,70,0,256346250,20507703,276853953
meInvoice,2025-03,Khác/chưa xác định kênh,Máy/thiết bị KH100,94,0,64931392,5194487,70125879
meInvoice,2025-03,Khác/chưa xác định kênh,Máy/thiết bị KH200,61,0,34106480,2728513,36834993
meInvoice,2025-03,Khác/chưa xác định kênh,Máy/thiết bị KM003,2,0,441666,35334,477000
meInvoice,2025-03,Khác/chưa xác định kênh,Máy/thiết bị KM300,610,0,267603834,21408303,289012137
meInvoice,2025-03,Khác/chưa xác định kênh,Máy/thiết bị KM430,2,0,998148,79852,1078000
meInvoice,2025-04,Khác/chưa xác định kênh,CHƯA PHÂN BỔ SẢN PHẨM,0,11,0,0,0
meInvoice,2025-04,Khác/chưa xác định kênh,CHƯA XÁC ĐỊNH MODEL,38,0,34389868,2751186,37141054
meInvoice,2025-04,Khác/chưa xác định kênh,Lõi lọc KA100,1,0,148148,11852,160000
meInvoice,2025-04,Khác/chưa xác định kênh,Lõi lọc KA150,60,0,27835166,2226815,30061981
meInvoice,2025-04,Khác/chưa xác định kênh,Lõi lọc KA350,344,0,176525205,14122033,190647238
meInvoice,2025-04,Khác/chưa xác định kênh,Lõi lọc KA600,170,0,87214106,6977132,94191238
meInvoice,2025-04,Khác/chưa xác định kênh,Máy/thiết bị KA100,10,0,11472198,917774,12389972
meInvoice,2025-04,Khác/chưa xác định kênh,Máy/thiết bị KA150,3916,0,4356858484,348548683,4705407167
meInvoice,2025-04,Khác/chưa xác định kênh,Máy/thiết bị KA350,1818,0,3436182895,274894615,3711077510
meInvoice,2025-04,Khác/chưa xác định kênh,Máy/thiết bị KA600,993,0,2569950007,205596006,2775546013
meInvoice,2025-04,Khác/chưa xác định kênh,Máy/thiết bị KA800,110,0,403010042,32240806,435250848
meInvoice,2025-04,Khác/chưa xác định kênh,Máy/thiết bị KH100,150,0,111982444,8958589,120941033
meInvoice,2025-04,Khác/chưa xác định kênh,Máy/thiết bị KH200,495,0,328014160,26241124,354255284
meInvoice,2025-04,Khác/chưa xác định kênh,Máy/thiết bị KM002,27,0,4496294,359702,4855996
meInvoice,2025-04,Khác/chưa xác định kênh,Máy/thiết bị KM003,79,0,16815261,1345233,18160494
meInvoice,2025-04,Khác/chưa xác định kênh,Máy/thiết bị KM200,1,0,111111,8889,120000
meInvoice,2025-04,Khác/chưa xác định kênh,Máy/thiết bị KM300,1619,0,712329014,56986310,769315324
meInvoice,2025-04,Khác/chưa xác định kênh,Máy/thiết bị KM420,11,0,4450671,356049,4806720
meInvoice,2025-04,Khác/chưa xác định kênh,Máy/thiết bị KM430,18,0,9476848,758150,10234998
meInvoice,2025-04,Khác/chưa xác định kênh,Máy/thiết bị KM440,8,0,5487963,439036,5926999
meInvoice,2025-04,Shopee,CHƯA PHÂN BỔ SẢN PHẨM,0,5,0,0,0
meInvoice,2025-04,Shopee,CHƯA XÁC ĐỊNH MODEL,7,0,7178706,574292,7752998
meInvoice,2025-04,Shopee,Lõi lọc KA150,14,0,6574074,525926,7100000
meInvoice,2025-04,Shopee,Lõi lọc KA350,68,0,34768520,2781485,37550005
meInvoice,2025-04,Shopee,Lõi lọc KA600,34,0,17361111,1388890,18750001
meInvoice,2025-04,Shopee,Lõi lọc KA800,2,0,1574074,125926,1700000
meInvoice,2025-04,Shopee,Máy/thiết bị KA100,2,0,2294444,183556,2478000
meInvoice,2025-04,Shopee,Máy/thiết bị KA150,615,0,731212032,58496973,789709005
meInvoice,2025-04,Shopee,Máy/thiết bị KA350,345,0,693531488,55482514,749014002
meInvoice,2025-04,Shopee,Máy/thiết bị KA600,173,0,457486110,36598891,494085001
meInvoice,2025-04,Shopee,Máy/thiết bị KA800,12,0,43840741,3507259,47348000
meInvoice,2025-04,Shopee,Máy/thiết bị KH200,181,0,111464811,8917184,120381995
meInvoice,2025-04,Shopee,Máy/thiết bị KM002,1,0,462963,37037,500000
meInvoice,2025-04,Shopee,Máy/thiết bị KM003,18,0,4066665,325324,4391989
meInvoice,2025-04,Shopee,Máy/thiết bị KM300,397,0,184313895,14745117,199059012
meInvoice,2025-04,Shopee,Máy/thiết bị KM420,21,0,9092589,727404,9819993
meInvoice,2025-04,Shopee,Máy/thiết bị KM430,17,0,8955555,716445,9672000
meInvoice,2025-04,Shopee,Máy/thiết bị KM440,21,0,14394444,1151556,15546000
meInvoice,2025-05,Khác/chưa xác định kênh,CHƯA PHÂN BỔ SẢN PHẨM,0,321,-405555,-32445,-438000
meInvoice,2025-05,Khác/chưa xác định kênh,CHƯA XÁC ĐỊNH MODEL,22,0,29724988,2378002,32102990
meInvoice,2025-05,Khác/chưa xác định kênh,Lõi lọc KA150,19,0,8436039,674883,9110922
meInvoice,2025-05,Khác/chưa xác định kênh,Lõi lọc KA350,104,0,51677376,4134192,55811568
meInvoice,2025-05,Khác/chưa xác định kênh,Lõi lọc KA600,51,0,33439472,2675161,36114633
meInvoice,2025-05,Khác/chưa xác định kênh,Máy/thiết bị KA100,7,0,7326933,586155,7913088
meInvoice,2025-05,Khác/chưa xác định kênh,Máy/thiết bị KA150,713,0,838859990,67108800,905968790
meInvoice,2025-05,Khác/chưa xác định kênh,Máy/thiết bị KA350,498,0,990545978,79243659,1069789637
meInvoice,2025-05,Khác/chưa xác định kênh,Máy/thiết bị KA600,325,0,825326348,66026127,891352475
meInvoice,2025-05,Khác/chưa xác định kênh,Máy/thiết bị KA800,28,0,109694267,8775543,118469810
meInvoice,2025-05,Khác/chưa xác định kênh,Máy/thiết bị KH100,94,0,45931355,3674516,49605871
meInvoice,2025-05,Khác/chưa xác định kênh,Máy/thiết bị KH200,1249,0,776349711,62108014,838457725
meInvoice,2025-05,Khác/chưa xác định kênh,Máy/thiết bị KM002,67,0,10825911,866065,11691976
meInvoice,2025-05,Khác/chưa xác định kênh,Máy/thiết bị KM003,64,0,13997515,1119814,15117329
meInvoice,2025-05,Khác/chưa xác định kênh,Máy/thiết bị KM300,420,0,201159745,16092817,217252562
meInvoice,2025-05,Khác/chưa xác định kênh,Máy/thiết bị KM420,23,0,9296377,743705,10040082
meInvoice,2025-05,Khác/chưa xác định kênh,Máy/thiết bị KM430,10,0,4857588,388608,5246196
meInvoice,2025-05,Khác/chưa xác định kênh,Máy/thiết bị KM440,30,0,16959297,1356741,18316038
meInvoice,2025-05,Shopee,CHƯA PHÂN BỔ SẢN PHẨM,0,160,0,0,0
meInvoice,2025-05,Shopee,CHƯA XÁC ĐỊNH MODEL,10,0,7512963,601037,8114000
meInvoice,2025-05,Shopee,Lõi lọc KA150,15,0,6944445,555555,7500000
meInvoice,2025-05,Shopee,Lõi lọc KA350,73,0,38781476,3102529,41884005
meInvoice,2025-05,Shopee,Lõi lọc KA600,44,0,23248148,1859857,25108005
meInvoice,2025-05,Shopee,Máy/thiết bị KA100,2,0,2294444,183556,2478000
meInvoice,2025-05,Shopee,Máy/thiết bị KA150,465,0,568254637,45460360,613714997
meInvoice,2025-05,Shopee,Máy/thiết bị KA350,232,0,480524087,38441912,518965999
meInvoice,2025-05,Shopee,Máy/thiết bị KA600,205,0,524031474,41922527,565954001
meInvoice,2025-05,Shopee,Máy/thiết bị KA800,15,0,59337962,4747038,64085000
meInvoice,2025-05,Shopee,Máy/thiết bị KH100,52,0,26159856,2092793,28252649
meInvoice,2025-05,Shopee,Máy/thiết bị KH200,469,0,298958586,23916654,322875240
meInvoice,2025-05,Shopee,Máy/thiết bị KM002,29,0,4787964,383033,5170997
meInvoice,2025-05,Shopee,Máy/thiết bị KM003,49,0,12271292,981699,13252991
meInvoice,2025-05,Shopee,Máy/thiết bị KM300,469,0,241798774,19343915,261142689
meInvoice,2025-05,Shopee,Máy/thiết bị KM420,16,0,6453699,516290,6969989
meInvoice,2025-05,Shopee,Máy/thiết bị KM430,18,0,8983333,718668,9702001
meInvoice,2025-05,Shopee,Máy/thiết bị KM440,25,0,16050301,1284020,17334321
meInvoice,2025-05,TikTok,CHƯA PHÂN BỔ SẢN PHẨM,0,8,0,0,0
meInvoice,2025-05,TikTok,CHƯA XÁC ĐỊNH MODEL,2,0,4461111,356889,4818000
meInvoice,2025-05,TikTok,Lõi lọc KA350,2,0,1001852,80148,1082000
meInvoice,2025-05,TikTok,Máy/thiết bị KA150,13,0,16287536,1303002,17590538
meInvoice,2025-05,TikTok,Máy/thiết bị KA350,2,0,4590740,367260,4958000
meInvoice,2025-05,TikTok,Máy/thiết bị KH100,2,0,998148,79852,1078000
meInvoice,2025-05,TikTok,Máy/thiết bị KH200,16,0,9952040,796161,10748201
meInvoice,2025-05,TikTok,Máy/thiết bị KM002,6,0,989815,79184,1068999
meInvoice,2025-05,TikTok,Máy/thiết bị KM003,4,0,900925,72075,973000
meInvoice,2025-05,TikTok,Máy/thiết bị KM300,6,0,3040739,243260,3283999
meInvoice,2025-05,TikTok,Máy/thiết bị KM430,1,0,499074,39926,539000
meInvoice,2025-05,TikTok,Máy/thiết bị KM440,2,0,1303703,104296,1407999
meInvoice,2025-06,Khác/chưa xác định kênh,CHƯA PHÂN BỔ SẢN PHẨM,0,24,-998148,-79852,-1078000
meInvoice,2025-06,Khác/chưa xác định kênh,CHƯA XÁC ĐỊNH MODEL,13,0,2855697,228453,3084150
meInvoice,2025-06,Khác/chưa xác định kênh,Lõi lọc KA150,2,0,666666,53333,719999
meInvoice,2025-06,Khác/chưa xác định kênh,Lõi lọc KA350,10,0,4264816,341187,4606003
meInvoice,2025-06,Khác/chưa xác định kênh,Lõi lọc KA600,9,0,3727779,298224,4026003
meInvoice,2025-06,Khác/chưa xác định kênh,Lõi lọc KA800,3,0,1755556,140444,1896000
meInvoice,2025-06,Khác/chưa xác định kênh,Máy/thiết bị KA150,47,0,42199926,3375993,45575919
meInvoice,2025-06,Khác/chưa xác định kênh,Máy/thiết bị KA350,58,0,98457255,7927470,106384725
meInvoice,2025-06,Khác/chưa xác định kênh,Máy/thiết bị KA600,36,0,81235204,6498821,87734025
meInvoice,2025-06,Khác/chưa xác định kênh,Máy/thiết bị KA800,9,0,29874776,2389983,32264759
meInvoice,2025-06,Khác/chưa xác định kênh,Máy/thiết bị KH100,6,0,2155999,172479,2328478
meInvoice,2025-06,Khác/chưa xác định kênh,Máy/thiết bị KH200,52,0,25345816,2027663,27373479
meInvoice,2025-06,Khác/chưa xác định kênh,Máy/thiết bị KM002,4,0,477332,38187,515519
meInvoice,2025-06,Khác/chưa xác định kênh,Máy/thiết bị KM003,19,0,3213216,257058,3470274
meInvoice,2025-06,Khác/chưa xác định kênh,Máy/thiết bị KM300,41,0,17936070,1434886,19370956
meInvoice,2025-06,Khác/chưa xác định kênh,Máy/thiết bị KM420,4,0,1170668,93654,1264322
meInvoice,2025-06,Khác/chưa xác định kênh,Máy/thiết bị KM430,7,0,2816519,225321,3041840
meInvoice,2025-06,Khác/chưa xác định kênh,Máy/thiết bị KM440,4,0,1974130,157930,2132060
meInvoice,2025-06,Lazada,CHƯA PHÂN BỔ SẢN PHẨM,0,1,0,0,0
meInvoice,2025-06,Lazada,Lõi lọc KA350,1,0,481481,38518,519999
meInvoice,2025-06,Lazada,Máy/thiết bị KA150,3,0,3417622,273410,3691032
meInvoice,2025-06,Lazada,Máy/thiết bị KA350,1,0,2241236,179299,2420535
meInvoice,2025-06,Lazada,Máy/thiết bị KH200,8,0,4700047,376002,5076049
meInvoice,2025-06,Lazada,Máy/thiết bị KM003,1,0,209306,16744,226050
meInvoice,2025-06,Lazada,Máy/thiết bị KM300,4,0,1908396,152671,2061067
meInvoice,2025-06,Shopee,CHƯA PHÂN BỔ SẢN PHẨM,0,224,0,0,0
meInvoice,2025-06,Shopee,CHƯA XÁC ĐỊNH MODEL,16,0,11257408,900592,12158000
meInvoice,2025-06,Shopee,Lõi lọc KA150,12,0,5749847,459988,6209835
meInvoice,2025-06,Shopee,Lõi lọc KA350,93,0,43332380,3466599,46798979
meInvoice,2025-06,Shopee,Lõi lọc KA600,45,0,23351513,1868127,25219640
meInvoice,2025-06,Shopee,Máy/thiết bị KA100,3,0,3534259,282741,3817000
meInvoice,2025-06,Shopee,Máy/thiết bị KA150,396,0,485375830,38830006,524205836
meInvoice,2025-06,Shopee,Máy/thiết bị KA350,304,0,626544462,50123539,676668001
meInvoice,2025-06,Shopee,Máy/thiết bị KA600,194,0,500727753,40058247,540786000
meInvoice,2025-06,Shopee,Máy/thiết bị KA800,18,0,71501851,5720149,77222000
meInvoice,2025-06,Shopee,Máy/thiết bị KH100,56,0,27820366,2225634,30046000
meInvoice,2025-06,Shopee,Máy/thiết bị KH200,752,0,474124148,37929853,512054001
meInvoice,2025-06,Shopee,Máy/thiết bị KM002,11,0,1860187,148813,2009000
meInvoice,2025-06,Shopee,Máy/thiết bị KM003,53,0,14811098,1184901,15995999
meInvoice,2025-06,Shopee,Máy/thiết bị KM300,663,0,330963875,26477124,357440999
meInvoice,2025-06,Shopee,Máy/thiết bị KM420,63,0,25750908,2060091,27810999
meInvoice,2025-06,Shopee,Máy/thiết bị KM430,34,0,17153702,1372298,18526000
meInvoice,2025-06,Shopee,Máy/thiết bị KM440,35,0,21939819,1755182,23695001
meInvoice,2025-06,TikTok,CHƯA PHÂN BỔ SẢN PHẨM,0,231,-122222,-9778,-132000
meInvoice,2025-06,TikTok,CHƯA XÁC ĐỊNH MODEL,60,0,137754892,11020388,148775280
meInvoice,2025-06,TikTok,Lõi lọc KA150,23,0,10617388,849391,11466779
meInvoice,2025-06,TikTok,Lõi lọc KA350,93,0,45436898,3634962,49071860
meInvoice,2025-06,TikTok,Lõi lọc KA600,60,0,29917963,2393446,32311409
meInvoice,2025-06,TikTok,Máy/thiết bị KA150,814,0,925914270,74073170,999987440
meInvoice,2025-06,TikTok,Máy/thiết bị KA350,645,0,1182964261,94873549,1277837810
meInvoice,2025-06,TikTok,Máy/thiết bị KA600,330,0,846661426,67732932,914394358
meInvoice,2025-06,TikTok,Máy/thiết bị KA800,11,0,43943054,3515445,47458499
meInvoice,2025-06,TikTok,Máy/thiết bị KH100,231,0,115485512,9238867,124724379
meInvoice,2025-06,TikTok,Máy/thiết bị KH200,1483,0,919632912,73570248,993203160
meInvoice,2025-06,TikTok,Máy/thiết bị KM002,129,0,21359154,1708710,23067864
meInvoice,2025-06,TikTok,Máy/thiết bị KM003,206,0,45346721,3627797,48974518
meInvoice,2025-06,TikTok,Máy/thiết bị KM300,365,0,177250040,14180064,191430104
meInvoice,2025-06,TikTok,Máy/thiết bị KM420,31,0,12857195,1028566,13885761
meInvoice,2025-06,TikTok,Máy/thiết bị KM430,16,0,7742142,619371,8361513
meInvoice,2025-06,TikTok,Máy/thiết bị KM440,25,0,15309150,1224729,16533879
meInvoice,CHƯA XÁC ĐỊNH KỲ,Khác/chưa xác định kênh,CHƯA PHÂN BỔ SẢN PHẨM,0,296,368137907,29846818,397984725
meInvoice,CHƯA XÁC ĐỊNH KỲ,Khác/chưa xác định kênh,CHƯA XÁC ĐỊNH MODEL,3,0,2931944,234556,3166500
meInvoice,CHƯA XÁC ĐỊNH KỲ,Khác/chưa xác định kênh,Lõi lọc KA350,11,0,5221981,417760,5639741
meInvoice,CHƯA XÁC ĐỊNH KỲ,Khác/chưa xác định kênh,Lõi lọc KA600,3,0,2129629,170371,2300000
meInvoice,CHƯA XÁC ĐỊNH KỲ,Khác/chưa xác định kênh,Máy/thiết bị KA150,3,0,5351818,535182,5887000
meInvoice,CHƯA XÁC ĐỊNH KỲ,Khác/chưa xác định kênh,Máy/thiết bị KA350,101,0,203461478,17534866,220996344
meInvoice,CHƯA XÁC ĐỊNH KỲ,Khác/chưa xác định kênh,Máy/thiết bị KA600,24,0,64573510,5290931,69864441
