Mã hàng AMIS,Tên hàng AMIS,Họ model suy ra,Số dòng,Giới hạn
KA600FULL,Máy lọc không khí diệt khuẩn bằng tia UVC - True UVC Air Purifier . Model: KA600,MACHINE:KA600,6092,Chỉ phân biệt họ model và máy/lõi; chưa xác nhận biến thể Pro/Light hoặc SKU tương đương
KA600FILTERFULL,"Lõi lọc diệt khuẩn - Filter, model:FT- KA600",FILTER:KA600,4063,Chỉ phân biệt họ model và máy/lõi; chưa xác nhận biến thể Pro/Light hoặc SKU tương đương
KA350LIGHTFULL,Máy lọc không khí diệt khuẩn bằng tia UVC (True UVC Air Purifier - KA350) model KA350,MACHINE:KA350,14851,Chỉ phân biệt họ model và máy/lõi; chưa xác nhận biến thể Pro/Light hoặc SKU tương đương
KA150SFULL,Máy lọc không khí diệt khuẩn bằng tia UVC - True UVC Air Purifiers - KA150S,MACHINE:KA150,15041,Chỉ phân biệt họ model và máy/lõi; chưa xác nhận biến thể Pro/Light hoặc SKU tương đương
KK100FULL,Máy tiệt trùng sấy khô bằng tia UVC - True UVC Kitchenware Drying Sterilizer - Model KK100,,309,Chỉ phân biệt họ model và máy/lõi; chưa xác nhận biến thể Pro/Light hoặc SKU tương đương
KA350FILTERFULL,Lõi lọc diệt khuẩn Filter KA350 - model: FT KA350,FILTER:KA350,9961,Chỉ phân biệt họ model và máy/lõi; chưa xác nhận biến thể Pro/Light hoặc SKU tương đương
SP000041,Bình nước giữ nhiệt thông minh UVGREEN UK100M  Màu trắng,,80,Chỉ phân biệt họ model và máy/lõi; chưa xác nhận biến thể Pro/Light hoặc SKU tương đương
KA100UVC70,"Máy Lọc Không Khí Ô Tô, Khử Mùi, Diệt Khuẩn UVC LED UVGREEN KA100",MACHINE:KA100,130,Chỉ phân biệt họ model và máy/lõi; chưa xác nhận biến thể Pro/Light hoặc SKU tương đương
COKACN01CBFL,Màng lọc carbon,,99,Chỉ phân biệt họ model và máy/lõi; chưa xác nhận biến thể Pro/Light hoặc SKU tương đương
VCOKACN01STAP,"Dây đeo băng vải cao su 60cm, code: TL-RUB60, dùng kết nối xe và máy UVC tia cực tím, nhà sx Tonglu, mới 100%",,93,Chỉ phân biệt họ model và máy/lõi; chưa xác nhận biến thể Pro/Light hoặc SKU tương đương
COKACN01CRCH,Nguồn sạc điện 12V-2A,,85,Chỉ phân biệt họ model và máy/lõi; chưa xác nhận biến thể Pro/Light hoặc SKU tương đương
KA350PROFULLNEW,Máy lọc không khí diệt khuẩn bằng tia UVC  KA350 Pro,MACHINE:KA350,2298,Chỉ phân biệt họ model và máy/lõi; chưa xác nhận biến thể Pro/Light hoặc SKU tương đương
KA150SFILTERFULL,"Lõi lọc diệt khuẩn (Filter-FT-KA150S), model: FT-KA150S",FILTER:KA150,739,Chỉ phân biệt họ model và máy/lõi; chưa xác nhận biến thể Pro/Light hoặc SKU tương đương
SP000042,Bình nước giữ nhiệt thông minh UVGREEN UK100 Màu trắng,,81,Chỉ phân biệt họ model và máy/lõi; chưa xác nhận biến thể Pro/Light hoặc SKU tương đương
PSC1,Phí sữa chữa máy,,53,Chỉ phân biệt họ model và máy/lõi; chưa xác nhận biến thể Pro/Light hoặc SKU tương đương
SP000031,Bình nước giữ nhiệt thông minh UVGREEN UK100  Màu đen,,96,Chỉ phân biệt họ model và máy/lõi; chưa xác nhận biến thể Pro/Light hoặc SKU tương đương
SP000032,Bình nước giữ nhiệt thông minh UVGREEN UK100M Màu đen,,97,Chỉ phân biệt họ model và máy/lõi; chưa xác nhận biến thể Pro/Light hoặc SKU tương đương
COKACN01PWSP,Nguồn điện 12V-2A,,52,Chỉ phân biệt họ model và máy/lõi; chưa xác nhận biến thể Pro/Light hoặc SKU tương đương
PSC2,Đổi sản phẩm,,8,Chỉ phân biệt họ model và máy/lõi; chưa xác nhận biến thể Pro/Light hoặc SKU tương đương
KM300FULL,"Đèn bắt muỗi, ruồi và các loại côn trùng UVA Electronical Mosquito Killer, Model: KM300",MACHINE:KM300,6164,Chỉ phân biệt họ model và máy/lõi; chưa xác nhận biến thể Pro/Light hoặc SKU tương đương
KM200FULL,"Đèn bắt muỗi, ruồi và các loại côn trùng  KM200",MACHINE:KM200,1401,Chỉ phân biệt họ model và máy/lõi; chưa xác nhận biến thể Pro/Light hoặc SKU tương đương
KM100FULL,"Đèn bắt muỗi, ruồi và các loại côn trùng  KM100",MACHINE:KM100,444,Chỉ phân biệt họ model và máy/lõi; chưa xác nhận biến thể Pro/Light hoặc SKU tương đương
KA150PFULL,Máy lọc không khí diệt khuẩn bằng tia UVC - True UVC Air Purifiers - KA150P,MACHINE:KA150,7440,Chỉ phân biệt họ model và máy/lõi; chưa xác nhận biến thể Pro/Light hoặc SKU tương đương
KA800XMFULL,Máy lọc không khí diệt khuẩn bằng tia UVC  KA800,MACHINE:KA800,33,Chỉ phân biệt họ model và máy/lõi; chưa xác nhận biến thể Pro/Light hoặc SKU tương đương
KA800XMFILTERFULL,Lõi lọc diệt khuẩn  Filter  KA800,FILTER:KA800,38,Chỉ phân biệt họ model và máy/lõi; chưa xác nhận biến thể Pro/Light hoặc SKU tương đương
KA800THFULL,Máy lọc không khí diệt khuẩn bằng tia UVC - True UVC Air Purifier . Model: KA800TH,MACHINE:KA800,349,Chỉ phân biệt họ model và máy/lõi; chưa xác nhận biến thể Pro/Light hoặc SKU tương đương
KA800THFILTERFULL,"Lõi lọc diệt khuẩn - Filter, model:FT- KA800TH",FILTER:KA800,119,Chỉ phân biệt họ model và máy/lõi; chưa xác nhận biến thể Pro/Light hoặc SKU tương đương
KM300UVATUBE,"Đèn UVA bắt muỗi UVA Tube Light, Model: KM300T",MACHINE:KM300,18,Chỉ phân biệt họ model và máy/lõi; chưa xác nhận biến thể Pro/Light hoặc SKU tương đương
TPMKA800,Máy lọc không khí diệt khuẩn bằng tia UVC KA800,MACHINE:KA800,11,Chỉ phân biệt họ model và máy/lõi; chưa xác nhận biến thể Pro/Light hoặc SKU tương đương
KH200FULL,Máy phun sương tạo độ ẩm không khí diệt khuẩn bằng tia UVC với màn hình LCD  KH200,MACHINE:KH200,4998,Chỉ phân biệt họ model và máy/lõi; chưa xác nhận biến thể Pro/Light hoặc SKU tương đương
KH100FULL,Máy phun sương tạo độ ẩm không khí diệt khuẩn bằng tia UVC,MACHINE:KH100,845,Chỉ phân biệt họ model và máy/lõi; chưa xác nhận biến thể Pro/Light hoặc SKU tương đương
KM200UVATUBE,"Đèn UVA bắt muỗi UVA Tube Light, Model: KM200T",MACHINE:KM200,5,Chỉ phân biệt họ model và máy/lõi; chưa xác nhận biến thể Pro/Light hoặc SKU tương đương
KM430FULL,"Đèn bắt muỗi, ruồi và các loại côn trùng UVA Electronical Mosquito Killer, Model: KM430",MACHINE:KM430,115,Chỉ phân biệt họ model và máy/lõi; chưa xác nhận biến thể Pro/Light hoặc SKU tương đương
KA350STANDARDFULL,Máy lọc không khí diệt khuẩn bằng tia UVC (True UVC Air Purifier - KA350) model KA350,MACHINE:KA350,796,Chỉ phân biệt họ model và máy/lõi; chưa xác nhận biến thể Pro/Light hoặc SKU tương đương
KM003FULL,"Vợt bắt muỗi tự động 2 trong 1 thu hút các loại côn trùng UVA Mosquito Killer Swatter, model: KM003",MACHINE:KM003,671,Chỉ phân biệt họ model và máy/lõi; chưa xác nhận biến thể Pro/Light hoặc SKU tương đương
KM420FULL,"Đèn bắt muỗi, ruồi và các loại côn trùng UVA Electronical Mosquito Killer, Model: KM420",MACHINE:KM420,139,Chỉ phân biệt họ model và máy/lõi; chưa xác nhận biến thể Pro/Light hoặc SKU tương đương
KA350PROUPGRADEDFULL,Máy lọc không khí diệt khuẩn bằng tia UVC  KA350 ProUpgrade,MACHINE:KA350,933,Chỉ phân biệt họ model và máy/lõi; chưa xác nhận biến thể Pro/Light hoặc SKU tương đương
KM440FULL,"Đèn bắt muỗi, ruồi và các loại côn trùng UVA Electronical Mosquito Killer, Model: KM440",MACHINE:KM440,114,Chỉ phân biệt họ model và máy/lõi; chưa xác nhận biến thể Pro/Light hoặc SKU tương đương
KM002FULL,"Vợt bắt muỗi tự động 2 trong 1 thu hút các loại côn trùng UVA Mosquito Killer Swatter, model: KM002",MACHINE:KM002,477,Chỉ phân biệt họ model và máy/lõi; chưa xác nhận biến thể Pro/Light hoặc SKU tương đương
