Năm AMIS,Số chứng từ AMIS,Ngày AMIS,Ký hiệu HĐ,Số HĐ,Ngày HĐ,Lệch ngày HĐ-AMIS,Khớp từng dòng,Số chứng từ AMIS cùng ứng viên HĐ,Tiền hàng,Thuế,Tổng tiền,File AMIS,Dòng AMIS,File bảng tổng meInvoice,Dòng meInvoice,Nhóm đối chiếu
2024,BHHT2024000860,01/01/2024,1C25TUV,00009855,30/06/2025,546,True,1,1553704,124296,1678000,So_chi_tiet_ban_hang 2024.xlsx,31,Bang_ke_hoa_don_da_su_dung_T6.2025 L2.xls,675,"Ứng viên duy nhất: khớp từng dòng, khác ngày"
2024,BHHT2024000861,01/01/2024,1C25TUV,00009841,30/06/2025,546,True,1,1600000,128000,1728000,So_chi_tiet_ban_hang 2024.xlsx,32,Bang_ke_hoa_don_da_su_dung_T6.2025 L2.xls,661,"Ứng viên duy nhất: khớp từng dòng, khác ngày"
2024,BHHS2024000940,05/03/2024,1C25TUV,00009745,30/06/2025,482,True,1,1898148,151852,2050000,So_chi_tiet_ban_hang 2024.xlsx,4362,Bang_ke_hoa_don_da_su_dung_T6.2025 L2.xls,565,"Ứng viên duy nhất: khớp từng dòng, khác ngày"
2024,BHHN2024000121,18/03/2024,1C24TUV,00000113,20/03/2024,2,True,1,1851852,148148,2000000,So_chi_tiet_ban_hang 2024.xlsx,4844,Bang_ke_hoa_don_da_su_dung_2024-T6.2025.xls,118,"Ứng viên duy nhất: khớp từng dòng, khác ngày"
2024,BHHT2024001822,28/03/2024,1C25TUV,00009633,30/06/2025,459,True,1,1943519,155481,2099000,So_chi_tiet_ban_hang 2024.xlsx,5578,Bang_ke_hoa_don_da_su_dung_T6.2025 L2.xls,453,"Ứng viên duy nhất: khớp từng dòng, khác ngày"
2024,BHHN2024000100,27/04/2024,1C24TUV,00000175,22/04/2024,-5,True,1,78703704,6296296,85000000,So_chi_tiet_ban_hang 2024.xlsx,10283,Bang_ke_hoa_don_da_su_dung_2024-T6.2025.xls,180,"Ứng viên duy nhất: khớp từng dòng, khác ngày"
2024,BHHT2024008884,08/06/2024,1C25TUV,00004811,11/06/2025,368,True,1,1702778,136222,1839000,So_chi_tiet_ban_hang 2024.xlsx,15268,Bang_ke_hoa_don_da_su_dung_T6.2025.xls,614,"Ứng viên duy nhất: khớp từng dòng, khác ngày"
2024,BHHS2024004293,09/08/2024,1C24TUV,00000243,27/05/2024,-74,True,1,1050000,84000,1134000,So_chi_tiet_ban_hang 2024.xlsx,23012,Bang_ke_hoa_don_da_su_dung_2024-T6.2025.xls,248,"Ứng viên duy nhất: khớp từng dòng, khác ngày"
2024,BHHN2024000070,21/08/2024,1C24TUV,00000394,21/08/2024,0,True,1,1342593,107407,1450000,So_chi_tiet_ban_hang 2024.xlsx,25052,Bang_ke_hoa_don_da_su_dung_2024-T6.2025.xls,399,Ứng viên duy nhất: khớp từng dòng và cùng ngày
2024,BHHN2024000060,22/08/2024,1C24TUV,00000387,20/08/2024,-2,True,1,72618000,5809440,78427440,So_chi_tiet_ban_hang 2024.xlsx,25128,Bang_ke_hoa_don_da_su_dung_2024-T6.2025.xls,392,"Ứng viên duy nhất: khớp từng dòng, khác ngày"
2024,BHHT2024022346,30/10/2024,1C24TUV,00000542,30/10/2024,0,True,1,4035185,322815,4358000,So_chi_tiet_ban_hang 2024.xlsx,35458,Bang_ke_hoa_don_da_su_dung_2024-T6.2025.xls,547,Ứng viên duy nhất: khớp từng dòng và cùng ngày
2024,BHHN2024000179,09/11/2024,1C24TUV,00000585,20/11/2024,11,True,1,10694444,855556,11550000,So_chi_tiet_ban_hang 2024.xlsx,36337,Bang_ke_hoa_don_da_su_dung_2024-T6.2025.xls,590,"Ứng viên duy nhất: khớp từng dòng, khác ngày"
2024,BHHN2024000017,25/11/2024,1C24TUV,00000650,05/12/2024,10,True,1,25555556,2044444,27600000,So_chi_tiet_ban_hang 2024.xlsx,39166,Bang_ke_hoa_don_da_su_dung_2024-T6.2025.xls,655,"Ứng viên duy nhất: khớp từng dòng, khác ngày"
2024,BHHN2024000015,26/11/2024,1C24TUV,00000644,04/12/2024,8,True,1,1083333,86667,1170000,So_chi_tiet_ban_hang 2024.xlsx,39269,Bang_ke_hoa_don_da_su_dung_2024-T6.2025.xls,649,"Ứng viên duy nhất: khớp từng dòng, khác ngày"
2024,BHHN2024000012,02/12/2024,1C24TUV,00000647,04/12/2024,2,True,1,432870,34630,467500,So_chi_tiet_ban_hang 2024.xlsx,40195,Bang_ke_hoa_don_da_su_dung_2024-T6.2025.xls,652,"Ứng viên duy nhất: khớp từng dòng, khác ngày"
2025,BHHN2025000621,13/01/2025,1C25TUV,00000020,14/01/2025,1,True,1,7638889,611111,8250000,So_chi_tiet_ban_hang T1-6.2025.xlsx,1830,Bang_ke_hoa_don_da_su_dung_2024-T6.2025.xls,811,"Ứng viên duy nhất: khớp từng dòng, khác ngày"
2025,BHHN2025000609,20/01/2025,1C25TUV,00000086,10/02/2025,21,True,1,1652000,132160,1784160,So_chi_tiet_ban_hang T1-6.2025.xlsx,3241,Bang_ke_hoa_don_da_su_dung_2024-T6.2025.xls,877,"Ứng viên duy nhất: khớp từng dòng, khác ngày"
2025,BHHN2025000577,10/03/2025,1C25TUV,00000120,22/02/2025,-16,True,1,2770667,221653,2992320,So_chi_tiet_ban_hang T1-6.2025.xlsx,13364,Bang_ke_hoa_don_da_su_dung_2024-T6.2025.xls,911,"Ứng viên duy nhất: khớp từng dòng, khác ngày"
2025,BHHL2025000046,25/03/2025,1C25TUV,00000369,29/03/2025,4,True,1,1270266,101621,1371887,So_chi_tiet_ban_hang T1-6.2025.xlsx,15440,Bang_ke_hoa_don_da_su_dung_2024-T6.2025.xls,1160,"Ứng viên duy nhất: khớp từng dòng, khác ngày"
2025,BHHN2025000565,10/04/2025,1C25TUV,00000201,07/03/2025,-34,True,1,1852667,148213,2000880,So_chi_tiet_ban_hang T1-6.2025.xlsx,17710,Bang_ke_hoa_don_da_su_dung_2024-T6.2025.xls,992,"Ứng viên duy nhất: khớp từng dòng, khác ngày"
2025,BHHN2025000524,21/04/2025,1C25TUV,00000486,21/04/2025,0,True,1,3678000,294240,3972240,So_chi_tiet_ban_hang T1-6.2025.xlsx,19672,Bang_ke_hoa_don_da_su_dung_2024-T6.2025.xls,1277,Ứng viên duy nhất: khớp từng dòng và cùng ngày
2025,BHHN2025000519,25/04/2025,1C25TUV,00000505,25/04/2025,0,True,1,3172000,253760,3425760,So_chi_tiet_ban_hang T1-6.2025.xlsx,20371,Bang_ke_hoa_don_da_su_dung_2024-T6.2025.xls,1296,Ứng viên duy nhất: khớp từng dòng và cùng ngày
2025,BHHL2025000068,29/04/2025,1C25TUV,00000526,29/04/2025,0,True,1,472730,37818,510548,So_chi_tiet_ban_hang T1-6.2025.xlsx,20913,Bang_ke_hoa_don_da_su_dung_2024-T6.2025.xls,1317,Ứng viên duy nhất: khớp từng dòng và cùng ngày
2025,BHHN2025000502,10/05/2025,1C25TUV,00000723,10/05/2025,0,True,1,1527778,122222,1650000,So_chi_tiet_ban_hang T1-6.2025.xlsx,23137,Bang_ke_hoa_don_da_su_dung_2024-T6.2025.xls,1514,Ứng viên duy nhất: khớp từng dòng và cùng ngày
2025,BHHL2025000074,11/05/2025,1C25TUV,00000730,11/05/2025,0,True,1,470744,37660,508404,So_chi_tiet_ban_hang T1-6.2025.xlsx,23331,Bang_ke_hoa_don_da_su_dung_2024-T6.2025.xls,1521,Ứng viên duy nhất: khớp từng dòng và cùng ngày
2025,BHHL2025000076,15/05/2025,1C25TUV,00000743,15/05/2025,0,True,1,1696033,135683,1831716,So_chi_tiet_ban_hang T1-6.2025.xlsx,23896,Bang_ke_hoa_don_da_su_dung_2024-T6.2025.xls,1534,Ứng viên duy nhất: khớp từng dòng và cùng ngày
2025,BHHL2025000077,15/05/2025,1C25TUV,00000750,16/05/2025,1,True,1,1682688,134615,1817303,So_chi_tiet_ban_hang T1-6.2025.xlsx,23897,Bang_ke_hoa_don_da_su_dung_2024-T6.2025.xls,1541,"Ứng viên duy nhất: khớp từng dòng, khác ngày"
2025,BHHL2025000081,23/05/2025,1C25TUV,00000779,23/05/2025,0,True,1,1212628,97010,1309638,So_chi_tiet_ban_hang T1-6.2025.xlsx,25415,Bang_ke_hoa_don_da_su_dung_2024-T6.2025.xls,1570,Ứng viên duy nhất: khớp từng dòng và cùng ngày
2025,BHHT2025012507,24/05/2025,1C25TUV,00000840,25/05/2025,1,True,1,1224074,97926,1322000,So_chi_tiet_ban_hang T1-6.2025.xlsx,25787,Bang_ke_hoa_don_da_su_dung_2024-T6.2025.xls,1631,"Ứng viên duy nhất: khớp từng dòng, khác ngày"
2025,BHHT2025012415,25/05/2025,1C25TUV,00000846,25/05/2025,0,True,1,981480,78518,1059998,So_chi_tiet_ban_hang T1-6.2025.xlsx,26000,Bang_ke_hoa_don_da_su_dung_2024-T6.2025.xls,1637,Ứng viên duy nhất: khớp từng dòng và cùng ngày
2025,BHHL2025000082,26/05/2025,1C25TUV,00001217,26/05/2025,0,True,1,1670976,133678,1804654,So_chi_tiet_ban_hang T1-6.2025.xlsx,26007,Bang_ke_hoa_don_da_su_dung_2024-T6.2025.xls,2008,Ứng viên duy nhất: khớp từng dòng và cùng ngày
2025,BHHS2025007500,26/05/2025,1C25TUV,00001295,27/05/2025,1,True,1,499074,39926,539000,So_chi_tiet_ban_hang T1-6.2025.xlsx,26304,Bang_ke_hoa_don_da_su_dung_2024-T6.2025.xls,2086,"Ứng viên duy nhất: khớp từng dòng, khác ngày"
2025,BHHT2025015564,26/05/2025,1C25TUV,00001374,27/05/2025,1,True,1,1134519,90762,1225281,So_chi_tiet_ban_hang T1-6.2025.xlsx,26431,Bang_ke_hoa_don_da_su_dung_2024-T6.2025.xls,2165,"Ứng viên duy nhất: khớp từng dòng, khác ngày"
2025,BHHT2025015569,26/05/2025,1C25TUV,00001370,27/05/2025,1,True,1,7577772,606222,8183994,So_chi_tiet_ban_hang T1-6.2025.xlsx,26436,Bang_ke_hoa_don_da_su_dung_2024-T6.2025.xls,2161,"Ứng viên duy nhất: khớp từng dòng, khác ngày"
2025,BHHT2025015299,27/05/2025,1C25TUV,00001695,28/05/2025,1,True,1,496296,39704,536000,So_chi_tiet_ban_hang T1-6.2025.xlsx,26506,Bang_ke_hoa_don_da_su_dung_2024-T6.2025.xls,2486,"Ứng viên duy nhất: khớp từng dòng, khác ngày"
2025,BHHT2025015475,27/05/2025,1C25TUV,00001376,27/05/2025,0,True,1,1896485,151719,2048204,So_chi_tiet_ban_hang T1-6.2025.xlsx,26834,Bang_ke_hoa_don_da_su_dung_2024-T6.2025.xls,2167,Ứng viên duy nhất: khớp từng dòng và cùng ngày
2025,BHHT2025015189,28/05/2025,1C25TUV,00001799,29/05/2025,1,True,1,348148,27852,376000,So_chi_tiet_ban_hang T1-6.2025.xlsx,26912,Bang_ke_hoa_don_da_su_dung_2024-T6.2025.xls,2590,"Ứng viên duy nhất: khớp từng dòng, khác ngày"
2025,BHHT2025015131,29/05/2025,1C25TUV,00001863,29/05/2025,0,True,1,495370,39630,535000,So_chi_tiet_ban_hang T1-6.2025.xlsx,27225,Bang_ke_hoa_don_da_su_dung_2024-T6.2025.xls,2654,Ứng viên duy nhất: khớp từng dòng và cùng ngày
2025,BHHN2025000485,31/05/2025,1C25TUV,00002647,31/05/2025,0,True,1,9795204,783616,10578820,So_chi_tiet_ban_hang T1-6.2025.xlsx,27479,Bang_ke_hoa_don_da_su_dung_2024-T6.2025.xls,3436,Ứng viên duy nhất: khớp từng dòng và cùng ngày
2025,BHHT2025014837,02/06/2025,1C25TUV,00002918,02/06/2025,0,True,1,1890546,151244,2041790,So_chi_tiet_ban_hang T1-6.2025.xlsx,27827,Bang_ke_hoa_don_da_su_dung_2024-T6.2025.xls,3707,Ứng viên duy nhất: khớp từng dòng và cùng ngày
2025,BHHT2025014853,02/06/2025,1C25TUV,00002995,03/06/2025,1,True,1,1025099,82008,1107107,So_chi_tiet_ban_hang T1-6.2025.xlsx,27844,Bang_ke_hoa_don_da_su_dung_2024-T6.2025.xls,3784,"Ứng viên duy nhất: khớp từng dòng, khác ngày"
2025,BHHT2025018937,03/06/2025,1C25TUV,00003075,04/06/2025,1,True,1,1216667,97333,1314000,So_chi_tiet_ban_hang T1-6.2025.xlsx,27940,Bang_ke_hoa_don_da_su_dung_2024-T6.2025.xls,3864,"Ứng viên duy nhất: khớp từng dòng, khác ngày"
2025,BHHT2025019002,03/06/2025,1C25TUV,00002973,03/06/2025,0,True,1,581481,46519,628000,So_chi_tiet_ban_hang T1-6.2025.xlsx,28006,Bang_ke_hoa_don_da_su_dung_2024-T6.2025.xls,3762,Ứng viên duy nhất: khớp từng dòng và cùng ngày
2025,BHHL2025000084,04/06/2025,1C25TUV,00003220,04/06/2025,0,True,1,495823,39666,535489,So_chi_tiet_ban_hang T1-6.2025.xlsx,28023,Bang_ke_hoa_don_da_su_dung_2024-T6.2025.xls,4009,Ứng viên duy nhất: khớp từng dòng và cùng ngày
2025,BHHT2025014792,04/06/2025,1C25TUV,00003145,04/06/2025,0,True,1,2553702,204296,2757998,So_chi_tiet_ban_hang T1-6.2025.xlsx,28074,Bang_ke_hoa_don_da_su_dung_2024-T6.2025.xls,3934,Ứng viên duy nhất: khớp từng dòng và cùng ngày
2025,BHHT2025018880,04/06/2025,1C25TUV,00003230,05/06/2025,1,True,1,1497219,119778,1616997,So_chi_tiet_ban_hang T1-6.2025.xlsx,28089,Bang_ke_hoa_don_da_su_dung_2024-T6.2025.xls,4019,"Ứng viên duy nhất: khớp từng dòng, khác ngày"
2025,BHHT2025018894,04/06/2025,1C25TUV,00003081,04/06/2025,0,True,1,1891430,151314,2042744,So_chi_tiet_ban_hang T1-6.2025.xlsx,28103,Bang_ke_hoa_don_da_su_dung_2024-T6.2025.xls,3870,Ứng viên duy nhất: khớp từng dòng và cùng ngày
2025,BHHT2025018899,04/06/2025,1C25TUV,00003072,04/06/2025,0,True,1,4866665,389333,5255998,So_chi_tiet_ban_hang T1-6.2025.xlsx,28108,Bang_ke_hoa_don_da_su_dung_2024-T6.2025.xls,3861,Ứng viên duy nhất: khớp từng dòng và cùng ngày
2025,BHHL2025000085,05/06/2025,1C25TUV,00003593,06/06/2025,1,True,1,496230,39698,535928,So_chi_tiet_ban_hang T1-6.2025.xlsx,28139,Bang_ke_hoa_don_da_su_dung_2024-T6.2025.xls,4382,"Ứng viên duy nhất: khớp từng dòng, khác ngày"
2025,BHHN2025000467,05/06/2025,1C25TUV,00003405,05/06/2025,0,True,1,2185185,174815,2360000,So_chi_tiet_ban_hang T1-6.2025.xlsx,28140,Bang_ke_hoa_don_da_su_dung_2024-T6.2025.xls,4194,Ứng viên duy nhất: khớp từng dòng và cùng ngày
2025,BHHS2025007979,05/06/2025,1C25TUV,00004165,08/06/2025,3,True,1,545370,43630,589000,So_chi_tiet_ban_hang T1-6.2025.xlsx,28152,Bang_ke_hoa_don_da_su_dung_2024-T6.2025.xls,4954,"Ứng viên duy nhất: khớp từng dòng, khác ngày"
2025,BHHT2025018731,05/06/2025,1C25TUV,00003232,05/06/2025,0,True,1,1516667,121333,1638000,So_chi_tiet_ban_hang T1-6.2025.xlsx,28246,Bang_ke_hoa_don_da_su_dung_2024-T6.2025.xls,4021,Ứng viên duy nhất: khớp từng dòng và cùng ngày
2025,BHHT2025018821,05/06/2025,1C25TUV,00003287,05/06/2025,0,True,1,238889,19111,258000,So_chi_tiet_ban_hang T1-6.2025.xlsx,28336,Bang_ke_hoa_don_da_su_dung_2024-T6.2025.xls,4076,Ứng viên duy nhất: khớp từng dòng và cùng ngày
2025,BHHS2025008190,06/06/2025,1C25TUV,00003604,06/06/2025,0,True,1,1514815,121185,1636000,So_chi_tiet_ban_hang T1-6.2025.xlsx,28511,Bang_ke_hoa_don_da_su_dung_2024-T6.2025.xls,4393,Ứng viên duy nhất: khớp từng dòng và cùng ngày
2025,BHHT2025014780,06/06/2025,1C25TUV,00003802,07/06/2025,1,True,1,2014341,161147,2175488,So_chi_tiet_ban_hang T1-6.2025.xlsx,28595,Bang_ke_hoa_don_da_su_dung_2024-T6.2025.xls,4591,"Ứng viên duy nhất: khớp từng dòng, khác ngày"
2025,BHHT2025018551,06/06/2025,1C25TUV,00003428,06/06/2025,0,True,1,1419719,113578,1533297,So_chi_tiet_ban_hang T1-6.2025.xlsx,28617,Bang_ke_hoa_don_da_su_dung_2024-T6.2025.xls,4217,Ứng viên duy nhất: khớp từng dòng và cùng ngày
2025,BHHT2025018556,06/06/2025,1C25TUV,00003426,06/06/2025,0,True,1,493519,39481,533000,So_chi_tiet_ban_hang T1-6.2025.xlsx,28627,Bang_ke_hoa_don_da_su_dung_2024-T6.2025.xls,4215,Ứng viên duy nhất: khớp từng dòng và cùng ngày
2025,BHHT2025018560,06/06/2025,1C25TUV,00003425,06/06/2025,0,True,1,909259,72741,982000,So_chi_tiet_ban_hang T1-6.2025.xlsx,28632,Bang_ke_hoa_don_da_su_dung_2024-T6.2025.xls,4214,Ứng viên duy nhất: khớp từng dòng và cùng ngày
2025,BHHT2025018587,06/06/2025,1C25TUV,00003410,06/06/2025,0,True,1,932148,74572,1006720,So_chi_tiet_ban_hang T1-6.2025.xlsx,28662,Bang_ke_hoa_don_da_su_dung_2024-T6.2025.xls,4199,Ứng viên duy nhất: khớp từng dòng và cùng ngày
2025,BHHT2025018661,06/06/2025,1C25TUV,00003796,07/06/2025,1,True,1,499074,39926,539000,So_chi_tiet_ban_hang T1-6.2025.xlsx,28738,Bang_ke_hoa_don_da_su_dung_2024-T6.2025.xls,4585,"Ứng viên duy nhất: khớp từng dòng, khác ngày"
2025,BHHT2025018469,07/06/2025,1C25TUV,00004070,08/06/2025,1,True,1,489815,39185,529000,So_chi_tiet_ban_hang T1-6.2025.xlsx,29010,Bang_ke_hoa_don_da_su_dung_2024-T6.2025.xls,4859,"Ứng viên duy nhất: khớp từng dòng, khác ngày"
2025,BHHT2025018209,09/06/2025,1C25TUV,00004303,09/06/2025,0,True,1,159541,12763,172304,So_chi_tiet_ban_hang T1-6.2025.xlsx,29553,Bang_ke_hoa_don_da_su_dung_T6.2025.xls,106,Ứng viên duy nhất: khớp từng dòng và cùng ngày
2025,BHHL2025000091,10/06/2025,1C25TUV,00004829,11/06/2025,1,True,1,611759,48941,660700,So_chi_tiet_ban_hang T1-6.2025.xlsx,29573,Bang_ke_hoa_don_da_su_dung_T6.2025.xls,632,"Ứng viên duy nhất: khớp từng dòng, khác ngày"
2025,BHHL2025000092,10/06/2025,1C25TUV,00004832,11/06/2025,1,True,1,444537,35563,480100,So_chi_tiet_ban_hang T1-6.2025.xlsx,29574,Bang_ke_hoa_don_da_su_dung_T6.2025.xls,635,"Ứng viên duy nhất: khớp từng dòng, khác ngày"
2025,BHHL2025000093,10/06/2025,1C25TUV,00004831,11/06/2025,1,True,1,621104,49688,670792,So_chi_tiet_ban_hang T1-6.2025.xlsx,29575,Bang_ke_hoa_don_da_su_dung_T6.2025.xls,634,"Ứng viên duy nhất: khớp từng dòng, khác ngày"
2025,BHHT2025017900,10/06/2025,1C25TUV,00004432,10/06/2025,0,True,1,404630,32370,437000,So_chi_tiet_ban_hang T1-6.2025.xlsx,29649,Bang_ke_hoa_don_da_su_dung_T6.2025.xls,235,Ứng viên duy nhất: khớp từng dòng và cùng ngày
2025,BHHT2025017946,10/06/2025,1C25TUV,00004757,11/06/2025,1,True,1,464815,37185,502000,So_chi_tiet_ban_hang T1-6.2025.xlsx,29699,Bang_ke_hoa_don_da_su_dung_T6.2025.xls,560,"Ứng viên duy nhất: khớp từng dòng, khác ngày"
2025,BHHT2025017806,11/06/2025,1C25TUV,00004728,11/06/2025,0,True,1,1626152,130092,1756244,So_chi_tiet_ban_hang T1-6.2025.xlsx,30181,Bang_ke_hoa_don_da_su_dung_T6.2025.xls,531,Ứng viên duy nhất: khớp từng dòng và cùng ngày
2025,BHHT2025017821,11/06/2025,1C25TUV,00004715,11/06/2025,0,True,1,1164519,93162,1257681,So_chi_tiet_ban_hang T1-6.2025.xlsx,30196,Bang_ke_hoa_don_da_su_dung_T6.2025.xls,518,Ứng viên duy nhất: khớp từng dòng và cùng ngày
2025,BHHT2025017857,11/06/2025,1C25TUV,00004785,11/06/2025,0,True,1,896296,71704,968000,So_chi_tiet_ban_hang T1-6.2025.xlsx,30233,Bang_ke_hoa_don_da_su_dung_T6.2025.xls,588,Ứng viên duy nhất: khớp từng dòng và cùng ngày
2025,BHHT2025017868,11/06/2025,1C25TUV,00004813,11/06/2025,0,True,1,436478,34918,471396,So_chi_tiet_ban_hang T1-6.2025.xlsx,30247,Bang_ke_hoa_don_da_su_dung_T6.2025.xls,616,Ứng viên duy nhất: khớp từng dòng và cùng ngày
2025,BHHT2025017872,11/06/2025,1C25TUV,00005011,12/06/2025,1,True,1,898148,71852,970000,So_chi_tiet_ban_hang T1-6.2025.xlsx,30251,Bang_ke_hoa_don_da_su_dung_T6.2025.xls,814,"Ứng viên duy nhất: khớp từng dòng, khác ngày"
2025,BHHL2025000095,12/06/2025,1C25TUV,00005040,12/06/2025,0,True,1,1185339,94827,1280166,So_chi_tiet_ban_hang T1-6.2025.xlsx,30259,Bang_ke_hoa_don_da_su_dung_T6.2025.xls,843,Ứng viên duy nhất: khớp từng dòng và cùng ngày
2025,BHHT2025017655,12/06/2025,1C25TUV,00004932,12/06/2025,0,True,1,2463302,197064,2660366,So_chi_tiet_ban_hang T1-6.2025.xlsx,30340,Bang_ke_hoa_don_da_su_dung_T6.2025.xls,735,Ứng viên duy nhất: khớp từng dòng và cùng ngày
2025,BHHT2025017722,12/06/2025,1C25TUV,00004975,12/06/2025,0,True,1,2495366,199629,2694995,So_chi_tiet_ban_hang T1-6.2025.xlsx,30408,Bang_ke_hoa_don_da_su_dung_T6.2025.xls,778,Ứng viên duy nhất: khớp từng dòng và cùng ngày
2025,BHHT2025017736,12/06/2025,1C25TUV,00005240,13/06/2025,1,True,1,1636111,130889,1767000,So_chi_tiet_ban_hang T1-6.2025.xlsx,30423,Bang_ke_hoa_don_da_su_dung_T6.2025.xls,1043,"Ứng viên duy nhất: khớp từng dòng, khác ngày"
2025,BHHT2025017582,13/06/2025,1C25TUV,00005155,13/06/2025,0,True,1,331481,26519,358000,So_chi_tiet_ban_hang T1-6.2025.xlsx,30632,Bang_ke_hoa_don_da_su_dung_T6.2025.xls,958,Ứng viên duy nhất: khớp từng dòng và cùng ngày
2025,BHHT2025017634,13/06/2025,1C25TUV,00005227,13/06/2025,0,True,1,461111,36889,498000,So_chi_tiet_ban_hang T1-6.2025.xlsx,30687,Bang_ke_hoa_don_da_su_dung_T6.2025.xls,1030,Ứng viên duy nhất: khớp từng dòng và cùng ngày
2025,BHHS2025008858,14/06/2025,1C25TUV,00005753,15/06/2025,1,True,1,1018407,81473,1099880,So_chi_tiet_ban_hang T1-6.2025.xlsx,30717,Bang_ke_hoa_don_da_su_dung_T6.2025.xls,1556,"Ứng viên duy nhất: khớp từng dòng, khác ngày"
2025,BHHT2025017435,14/06/2025,1C25TUV,00005652,14/06/2025,0,True,1,5144443,411555,5555998,So_chi_tiet_ban_hang T1-6.2025.xlsx,30811,Bang_ke_hoa_don_da_su_dung_T6.2025.xls,1455,Ứng viên duy nhất: khớp từng dòng và cùng ngày
2025,BHHT2025017450,14/06/2025,1C25TUV,00005640,14/06/2025,0,True,1,1302778,104222,1407000,So_chi_tiet_ban_hang T1-6.2025.xlsx,30826,Bang_ke_hoa_don_da_su_dung_T6.2025.xls,1443,Ứng viên duy nhất: khớp từng dòng và cùng ngày
2025,BHHT2025017454,14/06/2025,1C25TUV,00005846,15/06/2025,1,True,1,350000,28000,378000,So_chi_tiet_ban_hang T1-6.2025.xlsx,30830,Bang_ke_hoa_don_da_su_dung_T6.2025.xls,1649,"Ứng viên duy nhất: khớp từng dòng, khác ngày"
2025,BHHT2025017472,14/06/2025,1C25TUV,00005618,14/06/2025,0,True,1,147222,11778,159000,So_chi_tiet_ban_hang T1-6.2025.xlsx,30848,Bang_ke_hoa_don_da_su_dung_T6.2025.xls,1421,Ứng viên duy nhất: khớp từng dòng và cùng ngày
2025,BHHT2025017522,14/06/2025,1C25TUV,00005573,14/06/2025,0,True,1,452778,36222,489000,So_chi_tiet_ban_hang T1-6.2025.xlsx,30904,Bang_ke_hoa_don_da_su_dung_T6.2025.xls,1376,Ứng viên duy nhất: khớp từng dòng và cùng ngày
2025,BHHT2025017535,14/06/2025,1C25TUV,00005558,14/06/2025,0,True,1,7716664,617333,8333997,So_chi_tiet_ban_hang T1-6.2025.xlsx,30919,Bang_ke_hoa_don_da_su_dung_T6.2025.xls,1361,Ứng viên duy nhất: khớp từng dòng và cùng ngày
2025,BHHT2025017313,15/06/2025,1C25TUV,00005995,16/06/2025,1,True,1,1647393,131791,1779184,So_chi_tiet_ban_hang T1-6.2025.xlsx,30938,Bang_ke_hoa_don_da_su_dung_T6.2025.xls,1798,"Ứng viên duy nhất: khớp từng dòng, khác ngày"
2025,BHHT2025017321,15/06/2025,1C25TUV,00005988,16/06/2025,1,True,1,213319,17065,230384,So_chi_tiet_ban_hang T1-6.2025.xlsx,30946,Bang_ke_hoa_don_da_su_dung_T6.2025.xls,1791,"Ứng viên duy nhất: khớp từng dòng, khác ngày"
2025,BHHN2025000452,16/06/2025,1C25TUV,00006107,16/06/2025,0,True,1,555556,44444,600000,So_chi_tiet_ban_hang T1-6.2025.xlsx,31052,Bang_ke_hoa_don_da_su_dung_T6.2025.xls,1910,Ứng viên duy nhất: khớp từng dòng và cùng ngày
2025,BHHT2025017217,16/06/2025,1C25TUV,00006304,17/06/2025,1,True,1,2231100,178488,2409588,So_chi_tiet_ban_hang T1-6.2025.xlsx,31516,Bang_ke_hoa_don_da_su_dung_T6.2025.xls,2107,"Ứng viên duy nhất: khớp từng dòng, khác ngày"
2025,BHHL2025000096,17/06/2025,1C25TUV,00006379,18/06/2025,1,True,1,627414,50193,677607,So_chi_tiet_ban_hang T1-6.2025.xlsx,31609,Bang_ke_hoa_don_da_su_dung_T6.2025.xls,2182,"Ứng viên duy nhất: khớp từng dòng, khác ngày"
2025,BHHT2025017124,17/06/2025,1C25TUV,00006319,17/06/2025,0,True,1,160200,12816,173016,So_chi_tiet_ban_hang T1-6.2025.xlsx,31866,Bang_ke_hoa_don_da_su_dung_T6.2025.xls,2122,Ứng viên duy nhất: khớp từng dòng và cùng ngày
2025,BHHT2025017128,17/06/2025,1C25TUV,00006317,17/06/2025,0,True,1,494444,39555,533999,So_chi_tiet_ban_hang T1-6.2025.xlsx,31870,Bang_ke_hoa_don_da_su_dung_T6.2025.xls,2120,Ứng viên duy nhất: khớp từng dòng và cùng ngày
2025,BHHT2025017147,17/06/2025,1C25TUV,00006302,17/06/2025,0,True,1,1239298,99144,1338442,So_chi_tiet_ban_hang T1-6.2025.xlsx,31890,Bang_ke_hoa_don_da_su_dung_T6.2025.xls,2105,Ứng viên duy nhất: khớp từng dòng và cùng ngày
2025,BHHT2025016933,18/06/2025,1C25TUV,00006644,18/06/2025,0,True,1,1452600,116208,1568808,So_chi_tiet_ban_hang T1-6.2025.xlsx,32114,Bang_ke_hoa_don_da_su_dung_T6.2025.xls,2447,Ứng viên duy nhất: khớp từng dòng và cùng ngày
2025,BHHT2025016729,19/06/2025,1C25TUV,00006961,19/06/2025,0,True,1,2894400,231552,3125952,So_chi_tiet_ban_hang T1-6.2025.xlsx,32346,Bang_ke_hoa_don_da_su_dung_T6.2025.xls,2764,Ứng viên duy nhất: khớp từng dòng và cùng ngày
2025,BHHT2025016749,19/06/2025,1C25TUV,00006952,19/06/2025,0,True,1,214200,17136,231336,So_chi_tiet_ban_hang T1-6.2025.xlsx,32368,Bang_ke_hoa_don_da_su_dung_T6.2025.xls,2755,Ứng viên duy nhất: khớp từng dòng và cùng ngày
2025,BHHS2025009678,21/06/2025,1C25TUV,00008410,25/06/2025,4,True,1,536981,42959,579940,So_chi_tiet_ban_hang T1-6.2025.xlsx,32781,Bang_ke_hoa_don_da_su_dung_T6.2025.xls,4213,"Ứng viên duy nhất: khớp từng dòng, khác ngày"
2025,BHHT2025016327,21/06/2025,1C25TUV,00007598,21/06/2025,0,True,1,215741,17259,233000,So_chi_tiet_ban_hang T1-6.2025.xlsx,32841,Bang_ke_hoa_don_da_su_dung_T6.2025.xls,3401,Ứng viên duy nhất: khớp từng dòng và cùng ngày
2025,BHHT2025016357,21/06/2025,1C25TUV,00007573,21/06/2025,0,True,1,1249074,99926,1349000,So_chi_tiet_ban_hang T1-6.2025.xlsx,32871,Bang_ke_hoa_don_da_su_dung_T6.2025.xls,3376,Ứng viên duy nhất: khớp từng dòng và cùng ngày
2025,BHHT2025016363,21/06/2025,1C25TUV,00007570,21/06/2025,0,True,1,2088167,167053,2255220,So_chi_tiet_ban_hang T1-6.2025.xlsx,32877,Bang_ke_hoa_don_da_su_dung_T6.2025.xls,3373,Ứng viên duy nhất: khớp từng dòng và cùng ngày
2025,BHHT2025016371,21/06/2025,1C25TUV,00007773,22/06/2025,1,True,1,493167,39453,532620,So_chi_tiet_ban_hang T1-6.2025.xlsx,32885,Bang_ke_hoa_don_da_su_dung_T6.2025.xls,3576,"Ứng viên duy nhất: khớp từng dòng, khác ngày"
2025,BHHT2025016401,21/06/2025,1C25TUV,00007540,21/06/2025,0,True,1,1243000,99440,1342440,So_chi_tiet_ban_hang T1-6.2025.xlsx,32916,Bang_ke_hoa_don_da_su_dung_T6.2025.xls,3343,Ứng viên duy nhất: khớp từng dòng và cùng ngày
2025,BHHL2025000098,22/06/2025,1C25TUV,00007601,22/06/2025,0,True,1,1046944,83756,1130700,So_chi_tiet_ban_hang T1-6.2025.xlsx,33006,Bang_ke_hoa_don_da_su_dung_T6.2025.xls,3404,Ứng viên duy nhất: khớp từng dòng và cùng ngày
2025,BHHN2025000438,23/06/2025,1C25TUV,00008062,23/06/2025,0,True,1,1386111,110889,1497000,So_chi_tiet_ban_hang T1-6.2025.xlsx,33125,Bang_ke_hoa_don_da_su_dung_T6.2025.xls,3865,Ứng viên duy nhất: khớp từng dòng và cùng ngày
2025,BHHN2025000441,23/06/2025,1C25TUV,00007876,23/06/2025,0,True,1,465880,37270,503150,So_chi_tiet_ban_hang T1-6.2025.xlsx,33126,Bang_ke_hoa_don_da_su_dung_T6.2025.xls,3679,Ứng viên duy nhất: khớp từng dòng và cùng ngày
2025,BHHT2025016010,24/06/2025,1C25TUV,00008280,24/06/2025,0,True,1,452778,36222,489000,So_chi_tiet_ban_hang T1-6.2025.xlsx,33459,Bang_ke_hoa_don_da_su_dung_T6.2025.xls,4083,Ứng viên duy nhất: khớp từng dòng và cùng ngày
2025,BHHT2025016020,24/06/2025,1C25TUV,00008532,25/06/2025,1,True,1,1017592,81407,1098999,So_chi_tiet_ban_hang T1-6.2025.xlsx,33469,Bang_ke_hoa_don_da_su_dung_T6.2025.xls,4335,"Ứng viên duy nhất: khớp từng dòng, khác ngày"
2025,BHHL2025000101,26/06/2025,1C25TUV,00008588,26/06/2025,0,True,1,209306,16744,226050,So_chi_tiet_ban_hang T1-6.2025.xlsx,33834,Bang_ke_hoa_don_da_su_dung_T6.2025.xls,4391,Ứng viên duy nhất: khớp từng dòng và cùng ngày
2025,BHHS2025010016,26/06/2025,1C25TUV,00009588,30/06/2025,4,True,1,619444,49556,669000,So_chi_tiet_ban_hang T1-6.2025.xlsx,33889,Bang_ke_hoa_don_da_su_dung_T6.2025 L2.xls,408,"Ứng viên duy nhất: khớp từng dòng, khác ngày"
2025,BHHT2025015768,26/06/2025,1C25TUV,00008741,26/06/2025,0,True,1,1789167,143133,1932300,So_chi_tiet_ban_hang T1-6.2025.xlsx,34008,Bang_ke_hoa_don_da_su_dung_T6.2025.xls,4544,Ứng viên duy nhất: khớp từng dòng và cùng ngày
2025,BHHT2025015769,26/06/2025,1C25TUV,00008740,26/06/2025,0,True,1,840926,67274,908200,So_chi_tiet_ban_hang T1-6.2025.xlsx,34009,Bang_ke_hoa_don_da_su_dung_T6.2025.xls,4543,Ứng viên duy nhất: khớp từng dòng và cùng ngày
2025,BHHT2025015854,26/06/2025,1C25TUV,00008867,27/06/2025,1,True,1,5142593,411407,5554000,So_chi_tiet_ban_hang T1-6.2025.xlsx,34095,Bang_ke_hoa_don_da_su_dung_T6.2025.xls,4670,"Ứng viên duy nhất: khớp từng dòng, khác ngày"
2025,BHHN2025000431,27/06/2025,1C25TUV,00008769,27/06/2025,0,True,1,2716000,217280,2933280,So_chi_tiet_ban_hang T1-6.2025.xlsx,34107,Bang_ke_hoa_don_da_su_dung_T6.2025.xls,4572,Ứng viên duy nhất: khớp từng dòng và cùng ngày
2025,BHHT2025015675,27/06/2025,1C25TUV,00008912,27/06/2025,0,True,1,597269,47781,645050,So_chi_tiet_ban_hang T1-6.2025.xlsx,34277,Bang_ke_hoa_don_da_su_dung_T6.2025.xls,4715,Ứng viên duy nhất: khớp từng dòng và cùng ngày
2025,BHHT2025019559,28/06/2025,1C25TUV,00009184,28/06/2025,0,True,1,1016667,81333,1098000,So_chi_tiet_ban_hang T1-6.2025.xlsx,34362,Bang_ke_hoa_don_da_su_dung_T6.2025.xls,4987,Ứng viên duy nhất: khớp từng dòng và cùng ngày
2025,BHHT2025019467,29/06/2025,1C25TUV,00009576,30/06/2025,1,True,1,1879547,150364,2029911,So_chi_tiet_ban_hang T1-6.2025.xlsx,34484,Bang_ke_hoa_don_da_su_dung_T6.2025 L2.xls,396,"Ứng viên duy nhất: khớp từng dòng, khác ngày"
2025,BHHT2025019492,29/06/2025,1C25TUV,00009270,29/06/2025,0,True,1,1255556,100444,1356000,So_chi_tiet_ban_hang T1-6.2025.xlsx,34509,Bang_ke_hoa_don_da_su_dung_T6.2025 L2.xls,90,Ứng viên duy nhất: khớp từng dòng và cùng ngày
2025,BHHT2025019458,30/06/2025,1C25TUV,00009476,30/06/2025,0,True,1,1200824,96066,1296890,So_chi_tiet_ban_hang T1-6.2025.xlsx,34752,Bang_ke_hoa_don_da_su_dung_T6.2025 L2.xls,296,Ứng viên duy nhất: khớp từng dòng và cùng ngày
